{
    "parent": "item/handheld_rod",
    "textures": {
        "layer0": "item/carrot_on_a_stick"
    },
    "overrides": [
        {"predicate": {"custom_model_data": -6},"model": "battle/-6"},
        {"predicate": {"custom_model_data": 0},"model": "battle/0"},
        {"predicate": {"custom_model_data": 1},"model": "battle/1"},
        {"predicate": {"custom_model_data": 2},"model": "battle/2"},
        {"predicate": {"custom_model_data": 3},"model": "battle/3"},
        {"predicate": {"custom_model_data": 4},"model": "battle/4"},
        {"predicate": {"custom_model_data": 5},"model": "battle/5"},
        {"predicate": {"custom_model_data": 21},"model": "battle/21"},
        {"predicate": {"custom_model_data": 22},"model": "battle/22"},
        {"predicate": {"custom_model_data": 23},"model": "battle/23"},
        {"predicate": {"custom_model_data": 24},"model": "battle/24"},
        {"predicate": {"custom_model_data": 25},"model": "battle/25"},
        {"predicate": {"custom_model_data": 26},"model": "battle/26"},
        {"predicate": {"custom_model_data": 27},"model": "battle/27"},
        {"predicate": {"custom_model_data": 28},"model": "battle/28"},
        {"predicate": {"custom_model_data": 29},"model": "battle/29"},
        {"predicate": {"custom_model_data": 30},"model": "battle/30"},
        {"predicate": {"custom_model_data": 31},"model": "battle/31"},
        {"predicate": {"custom_model_data": 32},"model": "battle/32"},
        {"predicate": {"custom_model_data": 33},"model": "battle/33"},
        {"predicate": {"custom_model_data": 34},"model": "battle/34"},
        {"predicate": {"custom_model_data": 35},"model": "battle/35"},
        {"predicate": {"custom_model_data": 36},"model": "battle/36"},
        {"predicate": {"custom_model_data": 37},"model": "battle/37"},
        {"predicate": {"custom_model_data": 38},"model": "battle/38"},
        {"predicate": {"custom_model_data": 39},"model": "battle/39"},
        {"predicate": {"custom_model_data": 40},"model": "battle/40"},
        {"predicate": {"custom_model_data": 41},"model": "battle/41"},
        {"predicate": {"custom_model_data": 42},"model": "battle/42"},
        {"predicate": {"custom_model_data": 43},"model": "battle/43"},
        {"predicate": {"custom_model_data": 44},"model": "battle/44"},
        {"predicate": {"custom_model_data": 45},"model": "battle/45"},
        {"predicate": {"custom_model_data": 46},"model": "battle/46"},
        {"predicate": {"custom_model_data": 47},"model": "battle/47"},
        {"predicate": {"custom_model_data": 48},"model": "battle/48"},
        {"predicate": {"custom_model_data": 49},"model": "battle/49"},
        {"predicate": {"custom_model_data": 50},"model": "battle/50"},
        {"predicate": {"custom_model_data": 51},"model": "battle/51"},
        {"predicate": {"custom_model_data": 52},"model": "battle/52"},
        {"predicate": {"custom_model_data": 53},"model": "battle/53"},
        {"predicate": {"custom_model_data": 54},"model": "battle/54"},
        {"predicate": {"custom_model_data": 55},"model": "battle/55"},
        {"predicate": {"custom_model_data": 56},"model": "battle/56"},
        {"predicate": {"custom_model_data": 57},"model": "battle/57"},
        {"predicate": {"custom_model_data": 58},"model": "battle/58"},
        {"predicate": {"custom_model_data": 59},"model": "battle/59"},
        {"predicate": {"custom_model_data": 60},"model": "battle/60"},
        {"predicate": {"custom_model_data": 61},"model": "battle/61"},
        {"predicate": {"custom_model_data": 62},"model": "battle/62"},
        {"predicate": {"custom_model_data": 63},"model": "general/stone_pillar"},
        {"predicate": {"custom_model_data": 64},"model": "battle/64"},
        {"predicate": {"custom_model_data": 65},"model": "battle/65"},
        {"predicate": {"custom_model_data": 66},"model": "battle/66"},
        {"predicate": {"custom_model_data": 67},"model": "battle/67"},
        {"predicate": {"custom_model_data": 68},"model": "battle/68"},
        {"predicate": {"custom_model_data": 69},"model": "battle/69"},
        {"predicate": {"custom_model_data": 70},"model": "battle/70"},
        {"predicate": {"custom_model_data": 71},"model": "battle/71"},
        {"predicate": {"custom_model_data": 72},"model": "battle/72"},
        {"predicate": {"custom_model_data": 73},"model": "battle/73"},
        {"predicate": {"custom_model_data": 74},"model": "battle/74"},
        {"predicate": {"custom_model_data": 75},"model": "battle/75"},
        {"predicate": {"custom_model_data": 76},"model": "battle/76"},
        {"predicate": {"custom_model_data": 77},"model": "battle/77"},
        {"predicate": {"custom_model_data": 78},"model": "battle/78"},
        {"predicate": {"custom_model_data": 79},"model": "battle/79"},
        {"predicate": {"custom_model_data": 80},"model": "battle/80"},
        {"predicate": {"custom_model_data": 81},"model": "battle/81"},
        {"predicate": {"custom_model_data": 82},"model": "battle/82"},
        {"predicate": {"custom_model_data": 83},"model": "battle/83"},
        {"predicate": {"custom_model_data": 84},"model": "battle/84"},
        {"predicate": {"custom_model_data": 85},"model": "battle/85"},
        {"predicate": {"custom_model_data": 86},"model": "battle/86"},
        {"predicate": {"custom_model_data": 87},"model": "battle/87"},
        {"predicate": {"custom_model_data": 88},"model": "battle/88"},
        {"predicate": {"custom_model_data": 89},"model": "battle/89"},
        {"predicate": {"custom_model_data": 90},"model": "battle/90"},
        {"predicate": {"custom_model_data": 91},"model": "battle/91"},
        {"predicate": {"custom_model_data": 92},"model": "battle/92"},
        {"predicate": {"custom_model_data": 93},"model": "battle/93"},
        {"predicate": {"custom_model_data": 94},"model": "battle/94"},
        {"predicate": {"custom_model_data": 95},"model": "battle/95"},
        {"predicate": {"custom_model_data": 96},"model": "battle/96"},
        {"predicate": {"custom_model_data": 97},"model": "battle/97"},
        {"predicate": {"custom_model_data": 98},"model": "battle/98"},
        {"predicate": {"custom_model_data": 99},"model": "battle/99"},
        {"predicate": {"custom_model_data": 100},"model": "battle/100"},
        {"predicate": {"custom_model_data": 101},"model": "battle/101"},
        {"predicate": {"custom_model_data": 102},"model": "battle/102"},
        {"predicate": {"custom_model_data": 103},"model": "battle/103"},
        {"predicate": {"custom_model_data": 104},"model": "battle/104-"},
        {"predicate": {"custom_model_data": 105},"model": "battle/105"},
        {"predicate": {"custom_model_data": 106},"model": "battle/106"},
        {"predicate": {"custom_model_data": 107},"model": "battle/107"},
        {"predicate": {"custom_model_data": 108},"model": "battle/108"},
        {"predicate": {"custom_model_data": 109},"model": "battle/109"},
        {"predicate": {"custom_model_data": 110},"model": "battle/110"},
        {"predicate": {"custom_model_data": 111},"model": "battle/111"},
        {"predicate": {"custom_model_data": 112},"model": "battle/112"},
        {"predicate": {"custom_model_data": 113},"model": "battle/113"},
        {"predicate": {"custom_model_data": 114},"model": "battle/114"},
        {"predicate": {"custom_model_data": 115},"model": "battle/115"},
        {"predicate": {"custom_model_data": 116},"model": "battle/116"},
        {"predicate": {"custom_model_data": 117},"model": "battle/117"},
        {"predicate": {"custom_model_data": 118},"model": "battle/118"},
        {"predicate": {"custom_model_data": 119},"model": "battle/119"},
        {"predicate": {"custom_model_data": 120},"model": "battle/120"},
        {"predicate": {"custom_model_data": 121},"model": "battle/121"},
        {"predicate": {"custom_model_data": 122},"model": "battle/122"},
        {"predicate": {"custom_model_data": 123},"model": "battle/123"},
        {"predicate": {"custom_model_data": 124},"model": "battle/124"},
        {"predicate": {"custom_model_data": 125},"model": "battle/125"},
        {"predicate": {"custom_model_data": 126},"model": "battle/126"},
        {"predicate": {"custom_model_data": 127},"model": "battle/127"},
        {"predicate": {"custom_model_data": 128},"model": "battle/128"},
        {"predicate": {"custom_model_data": 129},"model": "battle/129"},
        {"predicate": {"custom_model_data": 130},"model": "battle/130"},
        {"predicate": {"custom_model_data": 131},"model": "battle/131"},
        {"predicate": {"custom_model_data": 132},"model": "battle/132"},
        {"predicate": {"custom_model_data": 133},"model": "battle/133"},
        {"predicate": {"custom_model_data": 134},"model": "battle/134"},
        {"predicate": {"custom_model_data": 135},"model": "battle/135"},
        {"predicate": {"custom_model_data": 136},"model": "battle/136"},
        {"predicate": {"custom_model_data": 137},"model": "battle/137"},
        {"predicate": {"custom_model_data": 138},"model": "battle/138"},
        {"predicate": {"custom_model_data": 139},"model": "battle/139"},
        {"predicate": {"custom_model_data": 140},"model": "battle/140"},
        {"predicate": {"custom_model_data": 141},"model": "battle/141"},
        {"predicate": {"custom_model_data": 142},"model": "battle/142"},
        {"predicate": {"custom_model_data": 143},"model": "battle/143"},
        {"predicate": {"custom_model_data": 144},"model": "battle/144"},
        {"predicate": {"custom_model_data": 145},"model": "battle/145"},
        {"predicate": {"custom_model_data": 146},"model": "battle/146"},
        {"predicate": {"custom_model_data": 147},"model": "battle/147"},
        {"predicate": {"custom_model_data": 148},"model": "battle/148"},
        {"predicate": {"custom_model_data": 149},"model": "battle/149"},
        {"predicate": {"custom_model_data": 150},"model": "battle/150"},
        {"predicate": {"custom_model_data": 151},"model": "battle/151"},
        {"predicate": {"custom_model_data": 152},"model": "battle/152"},
        {"predicate": {"custom_model_data": 153},"model": "battle/153"},
        {"predicate": {"custom_model_data": 154},"model": "battle/154"},
        {"predicate": {"custom_model_data": 155},"model": "battle/155"},
        {"predicate": {"custom_model_data": 156},"model": "battle/156"},
        {"predicate": {"custom_model_data": 157},"model": "battle/157"},
        {"predicate": {"custom_model_data": 158},"model": "battle/158"},
        {"predicate": {"custom_model_data": 159},"model": "battle/159"},
        {"predicate": {"custom_model_data": 160},"model": "battle/160"},
        {"predicate": {"custom_model_data": 161},"model": "battle/161"},
        {"predicate": {"custom_model_data": 162},"model": "battle/162"},
        {"predicate": {"custom_model_data": 163},"model": "battle/163"},
        {"predicate": {"custom_model_data": 164},"model": "battle/164"},
        {"predicate": {"custom_model_data": 165},"model": "battle/165"},
        {"predicate": {"custom_model_data": 166},"model": "battle/166"},
        {"predicate": {"custom_model_data": 167},"model": "battle/167"},
        {"predicate": {"custom_model_data": 168},"model": "battle/168"},
        {"predicate": {"custom_model_data": 169},"model": "battle/169"},
        {"predicate": {"custom_model_data": 170},"model": "battle/170"},
        {"predicate": {"custom_model_data": 171},"model": "battle/171"},
        {"predicate": {"custom_model_data": 172},"model": "battle/172"},
        {"predicate": {"custom_model_data": 173},"model": "battle/173"},
        {"predicate": {"custom_model_data": 174},"model": "battle/174"},
        {"predicate": {"custom_model_data": 175},"model": "battle/175"},
        {"predicate": {"custom_model_data": 176},"model": "battle/176"},
        {"predicate": {"custom_model_data": 177},"model": "battle/177"},
        {"predicate": {"custom_model_data": 178},"model": "battle/178"},
        {"predicate": {"custom_model_data": 179},"model": "battle/179"},
        {"predicate": {"custom_model_data": 180},"model": "battle/180"},
        {"predicate": {"custom_model_data": 181},"model": "battle/181"},
        {"predicate": {"custom_model_data": 182},"model": "battle/182"},
        {"predicate": {"custom_model_data": 183},"model": "battle/183"},
        {"predicate": {"custom_model_data": 184},"model": "battle/184"},
        {"predicate": {"custom_model_data": 185},"model": "battle/185"},
        {"predicate": {"custom_model_data": 186},"model": "battle/186"},
        {"predicate": {"custom_model_data": 187},"model": "battle/187"},
        {"predicate": {"custom_model_data": 188},"model": "battle/188"},
        {"predicate": {"custom_model_data": 189},"model": "battle/189"},
        {"predicate": {"custom_model_data": 190},"model": "battle/190"},
        {"predicate": {"custom_model_data": 191},"model": "battle/191"},
        {"predicate": {"custom_model_data": 192},"model": "battle/192"},
        {"predicate": {"custom_model_data": 193},"model": "battle/193"},
        {"predicate": {"custom_model_data": 194},"model": "battle/194"},
        {"predicate": {"custom_model_data": 195},"model": "battle/195"},
        {"predicate": {"custom_model_data": 196},"model": "battle/196"},
        {"predicate": {"custom_model_data": 197},"model": "battle/197"},
        {"predicate": {"custom_model_data": 198},"model": "battle/198"},
        {"predicate": {"custom_model_data": 199},"model": "battle/199"},
        {"predicate": {"custom_model_data": 200},"model": "battle/200"}
    ]
}
