{
    "parent": "item/generated",
    "textures": {
        "layer0": "item/crossbow_standby"
    },
    "display": {
        "thirdperson_righthand": {
            "rotation": [ -90, 0, -60 ],
            "translation": [ 2, 0.1, -3 ],
            "scale": [ 0.9, 0.9, 0.9 ]
        },
        "thirdperson_lefthand": {
            "rotation": [ -90, 0, 30 ],
            "translation": [ 2, 0.1, -3 ],
            "scale": [ 0.9, 0.9, 0.9 ]
        },
        "firstperson_righthand": {
            "rotation": [ -90, 0, -55 ],
            "translation": [ 1.13, 3.2, 1.13],
            "scale": [ 0.68, 0.68, 0.68 ]
        },
        "firstperson_lefthand": {
            "rotation": [ -90, 0, 35 ],
            "translation": [ 1.13, 3.2, 1.13],
            "scale": [ 0.68, 0.68, 0.68 ]
        }
    },
    "overrides": [
        {"predicate": {"pulling": 1},"model": "item/crossbow_pulling_0"},
        {"predicate": {"pulling": 1,"pull": 0.58},"model": "item/crossbow_pulling_1"},
        {"predicate": {"pulling": 1,"pull": 1.0},"model": "item/crossbow_pulling_2"},
        {"predicate": {"charged": 1},"model": "item/crossbow_arrow"},
        {"predicate": {"charged": 1,"firework": 1},"model": "item/crossbow_firework"},
        {"predicate": {"custom_model_data": 131},"model": "crossbow/q0"},
        {"predicate": {"custom_model_data": 131,"pulling": 1},"model": "crossbow/q1"},
        {"predicate": {"custom_model_data": 131,"pulling": 1, "pull": 1.00},"model": "crossbow/q2"},
        {"predicate": {"custom_model_data": 131,"charged": 1},"model": "crossbow/q2"},
        {"predicate": {"custom_model_data": 132},"model": "crossbow/x0"},
    	{"predicate": {"custom_model_data": 132,"pulling": 1},"model": "crossbow/x1"},
	    {"predicate": {"custom_model_data": 132,"pulling": 1, "pull": 0.68},"model": "crossbow/x2"},
    	{"predicate": {"custom_model_data": 132,"charged": 1},"model": "crossbow/x3"},
        {"predicate": {"custom_model_data": 133},"model": "item/crossbow"},
        {"predicate": {"custom_model_data": 133,"pulling": 1},"model": "item/crossbow_pulling_0"},
        {"predicate": {"custom_model_data": 133,"pulling": 1,"pull": 0.58},"model": "item/crossbow_pulling_1"},
        {"predicate": {"custom_model_data": 133,"pulling": 1,"pull": 1.0},"model": "item/crossbow_pulling_2"},
        {"predicate": {"custom_model_data": 133,"charged": 1},"model": "item/crossbow_arrow"},
        {"predicate": {"custom_model_data": 133,"charged": 1,"firework": 1},"model": "item/crossbow_firework"}
    ]
}
