{
    "parent": "item/handheld_rod",
    "textures": {
        "layer0": "item/warped_fungus_on_a_stick"
    },
    "overrides": [
        {"predicate": {"custom_model_data": 108},"model": "battle/108-off"},
        {"predicate": {"custom_model_data": 6},"model": "battle/6"},
        {"predicate": {"custom_model_data": 7},"model": "battle/7"},
        {"predicate": {"custom_model_data": 8},"model": "battle/8"},
        {"predicate": {"custom_model_data": 9},"model": "battle/9"},
        {"predicate": {"custom_model_data": 10},"model": "battle/10"},
        {"predicate": {"custom_model_data": 11},"model": "battle/11"},
        {"predicate": {"custom_model_data": 12},"model": "battle/12"},
        {"predicate": {"custom_model_data": 13},"model": "battle/13"},
        {"predicate": {"custom_model_data": 14},"model": "battle/14"},
        {"predicate": {"custom_model_data": 15},"model": "battle/15"},
        {"predicate": {"custom_model_data": 16},"model": "battle/16"},
        {"predicate": {"custom_model_data": 17},"model": "battle/17"},
        {"predicate": {"custom_model_data": 18},"model": "battle/18"},
        {"predicate": {"custom_model_data": 19},"model": "battle/19"},
        {"predicate": {"custom_model_data": 20},"model": "battle/20"}
    ]
}
