{
	"credit": "Made with Blockbench",
	"textures": {
		"0": "block/purple_wool",
		"particle": "block/purple_wool"
	},
	"elements": [
		{
			"from": [6.76063, 7.03999, 7.553],
			"to": [8.32508, 19.55557, 7.94413],
			"rotation": {"angle": 0, "axis": "y", "origin": [31.40063, 43.80444, 32.193]},
			"faces": {
				"north": {"uv": [0.1, 0.1, 0.1, 0.1], "texture": "#0"},
				"east": {"uv": [0.1, 0.1, 0.1, 0.1], "texture": "#0"},
				"south": {"uv": [0.1, 0.1, 0.1, 0.1], "texture": "#0"},
				"west": {"uv": [0.1, 0.1, 0.1, 0.1], "texture": "#0"},
				"up": {"uv": [0.1, 0.1, 0.1, 0.1], "texture": "#0"},
				"down": {"uv": [0.1, 0.1, 0.1, 0.1], "texture": "#0"}
			}
		},
		{
			"from": [6.36953, 7.03999, 7.94413],
			"to": [8.71618, 19.55557, 8.33523],
			"rotation": {"angle": 0, "axis": "y", "origin": [31.40063, 43.80444, 32.58413]},
			"faces": {
				"north": {"uv": [0.1, 0.1, 0.1, 0.1], "texture": "#0"},
				"east": {"uv": [0.1, 0.1, 0.1, 0.1], "texture": "#0"},
				"south": {"uv": [0.1, 0.1, 0.1, 0.1], "texture": "#0"},
				"west": {"uv": [0.1, 0.1, 0.1, 0.1], "texture": "#0"},
				"up": {"uv": [0.1, 0.1, 0.1, 0.1], "texture": "#0"},
				"down": {"uv": [0.1, 0.1, 0.1, 0.1], "texture": "#0"}
			}
		},
		{
			"from": [5.9784, 19.16444, 8.33523],
			"to": [9.10731, 19.55557, 9.89968],
			"rotation": {"angle": 0, "axis": "y", "origin": [31.40063, 43.80444, 32.193]},
			"faces": {
				"north": {"uv": [0.1, 0.1, 0.1, 0.1], "texture": "#0"},
				"east": {"uv": [0.1, 0.1, 0.1, 0.1], "texture": "#0"},
				"south": {"uv": [0.1, 0.1, 0.1, 0.1], "texture": "#0"},
				"west": {"uv": [0.1, 0.1, 0.1, 0.1], "texture": "#0"},
				"up": {"uv": [0.1, 0.1, 0.1, 0.1], "texture": "#0"},
				"down": {"uv": [0.1, 0.1, 0.1, 0.1], "texture": "#0"}
			}
		},
		{
			"from": [6.36953, 7.03999, 9.89968],
			"to": [8.71618, 19.55557, 10.29078],
			"rotation": {"angle": 0, "axis": "y", "origin": [31.40063, 43.80444, 34.53968]},
			"faces": {
				"north": {"uv": [0.1, 0.1, 0.1, 0.1], "texture": "#0"},
				"east": {"uv": [0.1, 0.1, 0.1, 0.1], "texture": "#0"},
				"south": {"uv": [0.1, 0.1, 0.1, 0.1], "texture": "#0"},
				"west": {"uv": [0.1, 0.1, 0.1, 0.1], "texture": "#0"},
				"up": {"uv": [0.1, 0.1, 0.1, 0.1], "texture": "#0"},
				"down": {"uv": [0.1, 0.1, 0.1, 0.1], "texture": "#0"}
			}
		},
		{
			"from": [6.76063, 7.03999, 10.29078],
			"to": [8.32508, 19.55557, 10.68191],
			"rotation": {"angle": 0, "axis": "y", "origin": [31.40063, 43.80444, 34.93078]},
			"faces": {
				"north": {"uv": [0.1, 0.1, 0.1, 0.1], "texture": "#0"},
				"east": {"uv": [0.1, 0.1, 0.1, 0.1], "texture": "#0"},
				"south": {"uv": [0.1, 0.1, 0.1, 0.1], "texture": "#0"},
				"west": {"uv": [0.1, 0.1, 0.1, 0.1], "texture": "#0"},
				"up": {"uv": [0.1, 0.1, 0.1, 0.1], "texture": "#0"},
				"down": {"uv": [0.1, 0.1, 0.1, 0.1], "texture": "#0"}
			}
		},
		{
			"from": [5.9784, 7.43112, 6.7708],
			"to": [9.10731, 19.16444, 11.46414],
			"rotation": {"angle": 0, "axis": "y", "origin": [31.40063, 43.41334, 32.193]},
			"faces": {
				"north": {"uv": [0.1, 0.1, 0.1, 0.1], "texture": "#0"},
				"east": {"uv": [0.1, 0.1, 0.1, 0.1], "texture": "#0"},
				"south": {"uv": [0.1, 0.1, 0.1, 0.1], "texture": "#0"},
				"west": {"uv": [0.1, 0.1, 0.1, 0.1], "texture": "#0"},
				"up": {"uv": [0.1, 0.1, 0.1, 0.1], "texture": "#0"},
				"down": {"uv": [0.1, 0.1, 0.1, 0.1], "texture": "#0"}
			}
		},
		{
			"from": [5.1962, 7.43112, 7.553],
			"to": [9.88954, 19.16444, 10.68191],
			"rotation": {"angle": 0, "axis": "y", "origin": [31.40063, 43.41334, 32.193]},
			"faces": {
				"north": {"uv": [0.1, 0.1, 0.1, 0.1], "texture": "#0"},
				"east": {"uv": [0.1, 0.1, 0.1, 0.1], "texture": "#0"},
				"south": {"uv": [0.1, 0.1, 0.1, 0.1], "texture": "#0"},
				"west": {"uv": [0.1, 0.1, 0.1, 0.1], "texture": "#0"},
				"up": {"uv": [0.1, 0.1, 0.1, 0.1], "texture": "#0"},
				"down": {"uv": [0.1, 0.1, 0.1, 0.1], "texture": "#0"}
			}
		},
		{
			"from": [6.76063, 7.43112, 6.37968],
			"to": [8.32508, 19.16444, 11.85524],
			"rotation": {"angle": 0, "axis": "y", "origin": [31.40063, 43.41334, 32.193]},
			"faces": {
				"north": {"uv": [0.1, 0.1, 0.1, 0.1], "texture": "#0"},
				"east": {"uv": [0.1, 0.1, 0.1, 0.1], "texture": "#0"},
				"south": {"uv": [0.1, 0.1, 0.1, 0.1], "texture": "#0"},
				"west": {"uv": [0.1, 0.1, 0.1, 0.1], "texture": "#0"},
				"up": {"uv": [0.1, 0.1, 0.1, 0.1], "texture": "#0"},
				"down": {"uv": [0.1, 0.1, 0.1, 0.1], "texture": "#0"}
			}
		},
		{
			"from": [4.80507, 7.43112, 8.33523],
			"to": [10.28064, 19.16444, 9.89968],
			"rotation": {"angle": 0, "axis": "y", "origin": [31.40063, 43.41334, 32.193]},
			"faces": {
				"north": {"uv": [0.1, 0.1, 0.1, 0.1], "texture": "#0"},
				"east": {"uv": [0.1, 0.1, 0.1, 0.1], "texture": "#0"},
				"south": {"uv": [0.1, 0.1, 0.1, 0.1], "texture": "#0"},
				"west": {"uv": [0.1, 0.1, 0.1, 0.1], "texture": "#0"},
				"up": {"uv": [0.1, 0.1, 0.1, 0.1], "texture": "#0"},
				"down": {"uv": [0.1, 0.1, 0.1, 0.1], "texture": "#0"}
			}
		},
		{
			"from": [5.5873, 18.77334, 7.1619],
			"to": [9.49841, 19.16444, 11.07301],
			"rotation": {"angle": 0, "axis": "y", "origin": [30.6184, 43.41334, 31.8019]},
			"faces": {
				"north": {"uv": [0.1, 0.1, 0.1, 0.1], "texture": "#0"},
				"east": {"uv": [0.1, 0.1, 0.1, 0.1], "texture": "#0"},
				"south": {"uv": [0.1, 0.1, 0.1, 0.1], "texture": "#0"},
				"west": {"uv": [0.1, 0.1, 0.1, 0.1], "texture": "#0"},
				"up": {"uv": [0.1, 0.1, 0.1, 0.1], "texture": "#0"},
				"down": {"uv": [0.1, 0.1, 0.1, 0.1], "texture": "#0"}
			}
		},
		{
			"from": [4.02285, 7.82221, 8.72636],
			"to": [11.06286, 18.77334, 9.50859],
			"rotation": {"angle": 0, "axis": "y", "origin": [31.40063, 43.02221, 32.193]},
			"faces": {
				"north": {"uv": [0.1, 0.1, 0.1, 0.1], "texture": "#0"},
				"east": {"uv": [0.1, 0.1, 0.1, 0.1], "texture": "#0"},
				"south": {"uv": [0.1, 0.1, 0.1, 0.1], "texture": "#0"},
				"west": {"uv": [0.1, 0.1, 0.1, 0.1], "texture": "#0"},
				"up": {"uv": [0.1, 0.1, 0.1, 0.1], "texture": "#0"},
				"down": {"uv": [0.1, 0.1, 0.1, 0.1], "texture": "#0"}
			}
		},
		{
			"from": [4.41398, 7.82221, 7.553],
			"to": [10.67173, 18.77334, 10.68191],
			"rotation": {"angle": 0, "axis": "y", "origin": [31.40063, 43.02221, 32.193]},
			"faces": {
				"north": {"uv": [0.1, 0.1, 0.1, 0.1], "texture": "#0"},
				"east": {"uv": [0.1, 0.1, 0.1, 0.1], "texture": "#0"},
				"south": {"uv": [0.1, 0.1, 0.1, 0.1], "texture": "#0"},
				"west": {"uv": [0.1, 0.1, 0.1, 0.1], "texture": "#0"},
				"up": {"uv": [0.1, 0.1, 0.1, 0.1], "texture": "#0"},
				"down": {"uv": [0.1, 0.1, 0.1, 0.1], "texture": "#0"}
			}
		},
		{
			"from": [7.15176, 7.82221, 5.59745],
			"to": [7.93395, 18.77334, 12.63747],
			"rotation": {"angle": 0, "axis": "y", "origin": [31.40063, 43.02221, 32.193]},
			"faces": {
				"north": {"uv": [0.1, 0.1, 0.1, 0.1], "texture": "#0"},
				"east": {"uv": [0.1, 0.1, 0.1, 0.1], "texture": "#0"},
				"south": {"uv": [0.1, 0.1, 0.1, 0.1], "texture": "#0"},
				"west": {"uv": [0.1, 0.1, 0.1, 0.1], "texture": "#0"},
				"up": {"uv": [0.1, 0.1, 0.1, 0.1], "texture": "#0"},
				"down": {"uv": [0.1, 0.1, 0.1, 0.1], "texture": "#0"}
			}
		},
		{
			"from": [5.9784, 7.82221, 5.98858],
			"to": [9.10731, 18.77334, 12.24634],
			"rotation": {"angle": 0, "axis": "y", "origin": [31.40063, 43.02221, 32.193]},
			"faces": {
				"north": {"uv": [0.1, 0.1, 0.1, 0.1], "texture": "#0"},
				"east": {"uv": [0.1, 0.1, 0.1, 0.1], "texture": "#0"},
				"south": {"uv": [0.1, 0.1, 0.1, 0.1], "texture": "#0"},
				"west": {"uv": [0.1, 0.1, 0.1, 0.1], "texture": "#0"},
				"up": {"uv": [0.1, 0.1, 0.1, 0.1], "texture": "#0"},
				"down": {"uv": [0.1, 0.1, 0.1, 0.1], "texture": "#0"}
			}
		},
		{
			"from": [4.80507, 7.82221, 6.7708],
			"to": [10.28064, 18.77334, 11.46414],
			"rotation": {"angle": 0, "axis": "y", "origin": [30.6184, 43.02221, 31.8019]},
			"faces": {
				"north": {"uv": [0.1, 0.1, 0.1, 0.1], "texture": "#0"},
				"east": {"uv": [0.1, 0.1, 0.1, 0.1], "texture": "#0"},
				"south": {"uv": [0.1, 0.1, 0.1, 0.1], "texture": "#0"},
				"west": {"uv": [0.1, 0.1, 0.1, 0.1], "texture": "#0"},
				"up": {"uv": [0.1, 0.1, 0.1, 0.1], "texture": "#0"},
				"down": {"uv": [0.1, 0.1, 0.1, 0.1], "texture": "#0"}
			}
		},
		{
			"from": [5.1962, 18.38221, 6.37968],
			"to": [9.88954, 18.77334, 11.85524],
			"rotation": {"angle": 0, "axis": "y", "origin": [30.6184, 43.02221, 31.8019]},
			"faces": {
				"north": {"uv": [0.1, 0.1, 0.1, 0.1], "texture": "#0"},
				"east": {"uv": [0.1, 0.1, 0.1, 0.1], "texture": "#0"},
				"south": {"uv": [0.1, 0.1, 0.1, 0.1], "texture": "#0"},
				"west": {"uv": [0.1, 0.1, 0.1, 0.1], "texture": "#0"},
				"up": {"uv": [0.1, 0.1, 0.1, 0.1], "texture": "#0"},
				"down": {"uv": [0.1, 0.1, 0.1, 0.1], "texture": "#0"}
			}
		},
		{
			"from": [4.80507, 8.21334, 5.98858],
			"to": [10.28064, 18.38221, 12.24634],
			"rotation": {"angle": 0, "axis": "y", "origin": [31.40063, 42.63111, 32.193]},
			"faces": {
				"north": {"uv": [0.1, 0.1, 0.1, 0.1], "texture": "#0"},
				"east": {"uv": [0.1, 0.1, 0.1, 0.1], "texture": "#0"},
				"south": {"uv": [0.1, 0.1, 0.1, 0.1], "texture": "#0"},
				"west": {"uv": [0.1, 0.1, 0.1, 0.1], "texture": "#0"},
				"up": {"uv": [0.1, 0.1, 0.1, 0.1], "texture": "#0"},
				"down": {"uv": [0.1, 0.1, 0.1, 0.1], "texture": "#0"}
			}
		},
		{
			"from": [6.36953, 8.21334, 5.20635],
			"to": [8.71618, 18.38221, 13.02856],
			"rotation": {"angle": 0, "axis": "y", "origin": [31.40063, 42.63111, 32.193]},
			"faces": {
				"north": {"uv": [0.1, 0.1, 0.1, 0.1], "texture": "#0"},
				"east": {"uv": [0.1, 0.1, 0.1, 0.1], "texture": "#0"},
				"south": {"uv": [0.1, 0.1, 0.1, 0.1], "texture": "#0"},
				"west": {"uv": [0.1, 0.1, 0.1, 0.1], "texture": "#0"},
				"up": {"uv": [0.1, 0.1, 0.1, 0.1], "texture": "#0"},
				"down": {"uv": [0.1, 0.1, 0.1, 0.1], "texture": "#0"}
			}
		},
		{
			"from": [4.41398, 8.21334, 6.37968],
			"to": [10.67173, 18.38221, 11.85524],
			"rotation": {"angle": 0, "axis": "y", "origin": [31.40063, 42.63111, 32.193]},
			"faces": {
				"north": {"uv": [0.1, 0.1, 0.1, 0.1], "texture": "#0"},
				"east": {"uv": [0.1, 0.1, 0.1, 0.1], "texture": "#0"},
				"south": {"uv": [0.1, 0.1, 0.1, 0.1], "texture": "#0"},
				"west": {"uv": [0.1, 0.1, 0.1, 0.1], "texture": "#0"},
				"up": {"uv": [0.1, 0.1, 0.1, 0.1], "texture": "#0"},
				"down": {"uv": [0.1, 0.1, 0.1, 0.1], "texture": "#0"}
			}
		},
		{
			"from": [3.63175, 8.21334, 7.94413],
			"to": [11.45396, 18.38221, 10.29078],
			"rotation": {"angle": 0, "axis": "y", "origin": [31.40063, 42.63111, 32.193]},
			"faces": {
				"north": {"uv": [0.1, 0.1, 0.1, 0.1], "texture": "#0"},
				"east": {"uv": [0.1, 0.1, 0.1, 0.1], "texture": "#0"},
				"south": {"uv": [0.1, 0.1, 0.1, 0.1], "texture": "#0"},
				"west": {"uv": [0.1, 0.1, 0.1, 0.1], "texture": "#0"},
				"up": {"uv": [0.1, 0.1, 0.1, 0.1], "texture": "#0"},
				"down": {"uv": [0.1, 0.1, 0.1, 0.1], "texture": "#0"}
			}
		},
		{
			"from": [5.5873, 17.99111, 5.59745],
			"to": [9.49841, 18.38221, 12.63747],
			"rotation": {"angle": 0, "axis": "y", "origin": [31.40063, 42.63111, 32.193]},
			"faces": {
				"north": {"uv": [0.1, 0.1, 0.1, 0.1], "texture": "#0"},
				"east": {"uv": [0.1, 0.1, 0.1, 0.1], "texture": "#0"},
				"south": {"uv": [0.1, 0.1, 0.1, 0.1], "texture": "#0"},
				"west": {"uv": [0.1, 0.1, 0.1, 0.1], "texture": "#0"},
				"up": {"uv": [0.1, 0.1, 0.1, 0.1], "texture": "#0"},
				"down": {"uv": [0.1, 0.1, 0.1, 0.1], "texture": "#0"}
			}
		},
		{
			"from": [4.02285, 8.21334, 7.1619],
			"to": [11.06286, 18.38221, 11.07301],
			"rotation": {"angle": 0, "axis": "y", "origin": [31.40063, 42.63111, 32.193]},
			"faces": {
				"north": {"uv": [0.1, 0.1, 0.1, 0.1], "texture": "#0"},
				"east": {"uv": [0.1, 0.1, 0.1, 0.1], "texture": "#0"},
				"south": {"uv": [0.1, 0.1, 0.1, 0.1], "texture": "#0"},
				"west": {"uv": [0.1, 0.1, 0.1, 0.1], "texture": "#0"},
				"up": {"uv": [0.1, 0.1, 0.1, 0.1], "texture": "#0"},
				"down": {"uv": [0.1, 0.1, 0.1, 0.1], "texture": "#0"}
			}
		},
		{
			"from": [4.80507, 8.60444, 5.59745],
			"to": [10.28064, 17.99111, 12.63747],
			"rotation": {"angle": 0, "axis": "y", "origin": [31.40063, 42.24001, 32.193]},
			"faces": {
				"north": {"uv": [0.1, 0.1, 0.1, 0.1], "texture": "#0"},
				"east": {"uv": [0.1, 0.1, 0.1, 0.1], "texture": "#0"},
				"south": {"uv": [0.1, 0.1, 0.1, 0.1], "texture": "#0"},
				"west": {"uv": [0.1, 0.1, 0.1, 0.1], "texture": "#0"},
				"up": {"uv": [0.1, 0.1, 0.1, 0.1], "texture": "#0"},
				"down": {"uv": [0.1, 0.1, 0.1, 0.1], "texture": "#0"}
			}
		},
		{
			"from": [4.02285, 8.60444, 6.37968],
			"to": [11.06286, 17.99111, 11.85524],
			"rotation": {"angle": 0, "axis": "y", "origin": [31.40063, 42.24001, 32.193]},
			"faces": {
				"north": {"uv": [0.1, 0.1, 0.1, 0.1], "texture": "#0"},
				"east": {"uv": [0.1, 0.1, 0.1, 0.1], "texture": "#0"},
				"south": {"uv": [0.1, 0.1, 0.1, 0.1], "texture": "#0"},
				"west": {"uv": [0.1, 0.1, 0.1, 0.1], "texture": "#0"},
				"up": {"uv": [0.1, 0.1, 0.1, 0.1], "texture": "#0"},
				"down": {"uv": [0.1, 0.1, 0.1, 0.1], "texture": "#0"}
			}
		},
		{
			"from": [5.9784, 8.60444, 4.81525],
			"to": [9.10731, 17.99111, 13.41969],
			"rotation": {"angle": 0, "axis": "y", "origin": [31.40063, 42.24001, 32.193]},
			"faces": {
				"north": {"uv": [0.1, 0.1, 0.1, 0.1], "texture": "#0"},
				"east": {"uv": [0.1, 0.1, 0.1, 0.1], "texture": "#0"},
				"south": {"uv": [0.1, 0.1, 0.1, 0.1], "texture": "#0"},
				"west": {"uv": [0.1, 0.1, 0.1, 0.1], "texture": "#0"},
				"up": {"uv": [0.1, 0.1, 0.1, 0.1], "texture": "#0"},
				"down": {"uv": [0.1, 0.1, 0.1, 0.1], "texture": "#0"}
			}
		},
		{
			"from": [3.24065, 8.60444, 7.553],
			"to": [11.84509, 17.99111, 10.68191],
			"rotation": {"angle": 0, "axis": "y", "origin": [31.40063, 42.24001, 32.193]},
			"faces": {
				"north": {"uv": [0.1, 0.1, 0.1, 0.1], "texture": "#0"},
				"east": {"uv": [0.1, 0.1, 0.1, 0.1], "texture": "#0"},
				"south": {"uv": [0.1, 0.1, 0.1, 0.1], "texture": "#0"},
				"west": {"uv": [0.1, 0.1, 0.1, 0.1], "texture": "#0"},
				"up": {"uv": [0.1, 0.1, 0.1, 0.1], "texture": "#0"},
				"down": {"uv": [0.1, 0.1, 0.1, 0.1], "texture": "#0"}
			}
		},
		{
			"from": [5.1962, 17.60001, 5.20635],
			"to": [9.88954, 17.99111, 13.02856],
			"rotation": {"angle": 0, "axis": "y", "origin": [31.40063, 42.24001, 32.193]},
			"faces": {
				"north": {"uv": [0.1, 0.1, 0.1, 0.1], "texture": "#0"},
				"east": {"uv": [0.1, 0.1, 0.1, 0.1], "texture": "#0"},
				"south": {"uv": [0.1, 0.1, 0.1, 0.1], "texture": "#0"},
				"west": {"uv": [0.1, 0.1, 0.1, 0.1], "texture": "#0"},
				"up": {"uv": [0.1, 0.1, 0.1, 0.1], "texture": "#0"},
				"down": {"uv": [0.1, 0.1, 0.1, 0.1], "texture": "#0"}
			}
		},
		{
			"from": [3.63175, 17.60001, 6.7708],
			"to": [11.45396, 17.99111, 11.46414],
			"rotation": {"angle": 0, "axis": "y", "origin": [31.40063, 42.24001, 32.193]},
			"faces": {
				"north": {"uv": [0.1, 0.1, 0.1, 0.1], "texture": "#0"},
				"east": {"uv": [0.1, 0.1, 0.1, 0.1], "texture": "#0"},
				"south": {"uv": [0.1, 0.1, 0.1, 0.1], "texture": "#0"},
				"west": {"uv": [0.1, 0.1, 0.1, 0.1], "texture": "#0"},
				"up": {"uv": [0.1, 0.1, 0.1, 0.1], "texture": "#0"},
				"down": {"uv": [0.1, 0.1, 0.1, 0.1], "texture": "#0"}
			}
		},
		{
			"from": [4.41398, 17.60001, 5.98858],
			"to": [10.67173, 17.99111, 12.24634],
			"rotation": {"angle": 0, "axis": "y", "origin": [30.6184, 42.24001, 31.8019]},
			"faces": {
				"north": {"uv": [0.1, 0.1, 0.1, 0.1], "texture": "#0"},
				"east": {"uv": [0.1, 0.1, 0.1, 0.1], "texture": "#0"},
				"south": {"uv": [0.1, 0.1, 0.1, 0.1], "texture": "#0"},
				"west": {"uv": [0.1, 0.1, 0.1, 0.1], "texture": "#0"},
				"up": {"uv": [0.1, 0.1, 0.1, 0.1], "texture": "#0"},
				"down": {"uv": [0.1, 0.1, 0.1, 0.1], "texture": "#0"}
			}
		},
		{
			"from": [3.63175, 17.20888, 6.37968],
			"to": [11.45396, 17.60001, 11.85524],
			"rotation": {"angle": 0, "axis": "y", "origin": [31.40063, 41.84888, 32.193]},
			"faces": {
				"north": {"uv": [0.1, 0.1, 0.1, 0.1], "texture": "#0"},
				"east": {"uv": [0.1, 0.1, 0.1, 0.1], "texture": "#0"},
				"south": {"uv": [0.1, 0.1, 0.1, 0.1], "texture": "#0"},
				"west": {"uv": [0.1, 0.1, 0.1, 0.1], "texture": "#0"},
				"up": {"uv": [0.1, 0.1, 0.1, 0.1], "texture": "#0"},
				"down": {"uv": [0.1, 0.1, 0.1, 0.1], "texture": "#0"}
			}
		},
		{
			"from": [3.63175, 9.38667, 5.59745],
			"to": [11.45396, 17.20888, 12.63747],
			"rotation": {"angle": 0, "axis": "y", "origin": [31.40063, 41.84888, 32.193]},
			"faces": {
				"north": {"uv": [0.1, 0.1, 0.1, 0.1], "texture": "#0"},
				"east": {"uv": [0.1, 0.1, 0.1, 0.1], "texture": "#0"},
				"south": {"uv": [0.1, 0.1, 0.1, 0.1], "texture": "#0"},
				"west": {"uv": [0.1, 0.1, 0.1, 0.1], "texture": "#0"},
				"up": {"uv": [0.1, 0.1, 0.1, 0.1], "texture": "#0"},
				"down": {"uv": [0.1, 0.1, 0.1, 0.1], "texture": "#0"}
			}
		},
		{
			"from": [4.02285, 9.38667, 5.20635],
			"to": [11.06286, 17.20888, 13.02856],
			"rotation": {"angle": 0, "axis": "y", "origin": [31.40063, 41.45779, 32.193]},
			"faces": {
				"north": {"uv": [0.1, 0.1, 0.1, 0.1], "texture": "#0"},
				"east": {"uv": [0.1, 0.1, 0.1, 0.1], "texture": "#0"},
				"south": {"uv": [0.1, 0.1, 0.1, 0.1], "texture": "#0"},
				"west": {"uv": [0.1, 0.1, 0.1, 0.1], "texture": "#0"},
				"up": {"uv": [0.1, 0.1, 0.1, 0.1], "texture": "#0"},
				"down": {"uv": [0.1, 0.1, 0.1, 0.1], "texture": "#0"}
			}
		},
		{
			"from": [4.80507, 8.99554, 5.20635],
			"to": [10.28064, 17.60001, 13.02856],
			"rotation": {"angle": 0, "axis": "y", "origin": [31.40063, 41.84888, 32.193]},
			"faces": {
				"north": {"uv": [0.1, 0.1, 0.1, 0.1], "texture": "#0"},
				"east": {"uv": [0.1, 0.1, 0.1, 0.1], "texture": "#0"},
				"south": {"uv": [0.1, 0.1, 0.1, 0.1], "texture": "#0"},
				"west": {"uv": [0.1, 0.1, 0.1, 0.1], "texture": "#0"},
				"up": {"uv": [0.1, 0.1, 0.1, 0.1], "texture": "#0"},
				"down": {"uv": [0.1, 0.1, 0.1, 0.1], "texture": "#0"}
			}
		},
		{
			"from": [5.1962, 8.99554, 4.81525],
			"to": [9.88954, 17.60001, 13.41969],
			"rotation": {"angle": 0, "axis": "y", "origin": [31.40063, 41.84888, 32.193]},
			"faces": {
				"north": {"uv": [0.1, 0.1, 0.1, 0.1], "texture": "#0"},
				"east": {"uv": [0.1, 0.1, 0.1, 0.1], "texture": "#0"},
				"south": {"uv": [0.1, 0.1, 0.1, 0.1], "texture": "#0"},
				"west": {"uv": [0.1, 0.1, 0.1, 0.1], "texture": "#0"},
				"up": {"uv": [0.1, 0.1, 0.1, 0.1], "texture": "#0"},
				"down": {"uv": [0.1, 0.1, 0.1, 0.1], "texture": "#0"}
			}
		},
		{
			"from": [3.24065, 17.20888, 6.7708],
			"to": [11.84509, 17.60001, 11.46414],
			"rotation": {"angle": 0, "axis": "y", "origin": [31.40063, 41.84888, 32.193]},
			"faces": {
				"north": {"uv": [0.1, 0.1, 0.1, 0.1], "texture": "#0"},
				"east": {"uv": [0.1, 0.1, 0.1, 0.1], "texture": "#0"},
				"south": {"uv": [0.1, 0.1, 0.1, 0.1], "texture": "#0"},
				"west": {"uv": [0.1, 0.1, 0.1, 0.1], "texture": "#0"},
				"up": {"uv": [0.1, 0.1, 0.1, 0.1], "texture": "#0"},
				"down": {"uv": [0.1, 0.1, 0.1, 0.1], "texture": "#0"}
			}
		},
		{
			"from": [4.02285, 8.99554, 5.59745],
			"to": [11.06286, 17.60001, 12.63747],
			"rotation": {"angle": 0, "axis": "y", "origin": [30.6184, 41.84888, 31.8019]},
			"faces": {
				"north": {"uv": [0.1, 0.1, 0.1, 0.1], "texture": "#0"},
				"east": {"uv": [0.1, 0.1, 0.1, 0.1], "texture": "#0"},
				"south": {"uv": [0.1, 0.1, 0.1, 0.1], "texture": "#0"},
				"west": {"uv": [0.1, 0.1, 0.1, 0.1], "texture": "#0"},
				"up": {"uv": [0.1, 0.1, 0.1, 0.1], "texture": "#0"},
				"down": {"uv": [0.1, 0.1, 0.1, 0.1], "texture": "#0"}
			}
		},
		{
			"from": [6.76063, 19.16444, 7.553],
			"to": [8.32508, 19.55557, 7.94413],
			"rotation": {"angle": 0, "axis": "y", "origin": [31.40063, 43.80444, 32.193]},
			"faces": {
				"north": {"uv": [0.1, 0.1, 0.1, 0.1], "texture": "#0"},
				"east": {"uv": [0.1, 0.1, 0.1, 0.1], "texture": "#0"},
				"south": {"uv": [0.1, 0.1, 0.1, 0.1], "texture": "#0"},
				"west": {"uv": [0.1, 0.1, 0.1, 0.1], "texture": "#0"},
				"up": {"uv": [0.1, 0.1, 0.1, 0.1], "texture": "#0"},
				"down": {"uv": [0.1, 0.1, 0.1, 0.1], "texture": "#0"}
			}
		},
		{
			"from": [6.36953, 19.16444, 7.94413],
			"to": [8.71618, 19.55557, 8.33523],
			"rotation": {"angle": 0, "axis": "y", "origin": [31.40063, 43.80444, 32.58413]},
			"faces": {
				"north": {"uv": [0.1, 0.1, 0.1, 0.1], "texture": "#0"},
				"east": {"uv": [0.1, 0.1, 0.1, 0.1], "texture": "#0"},
				"south": {"uv": [0.1, 0.1, 0.1, 0.1], "texture": "#0"},
				"west": {"uv": [0.1, 0.1, 0.1, 0.1], "texture": "#0"},
				"up": {"uv": [0.1, 0.1, 0.1, 0.1], "texture": "#0"},
				"down": {"uv": [0.1, 0.1, 0.1, 0.1], "texture": "#0"}
			}
		},
		{
			"from": [5.9784, 7.03999, 8.33523],
			"to": [9.10731, 19.55557, 9.89968],
			"rotation": {"angle": 0, "axis": "y", "origin": [31.40063, 43.80444, 32.193]},
			"faces": {
				"north": {"uv": [0.1, 0.1, 0.1, 0.1], "texture": "#0"},
				"east": {"uv": [0.1, 0.1, 0.1, 0.1], "texture": "#0"},
				"south": {"uv": [0.1, 0.1, 0.1, 0.1], "texture": "#0"},
				"west": {"uv": [0.1, 0.1, 0.1, 0.1], "texture": "#0"},
				"up": {"uv": [0.1, 0.1, 0.1, 0.1], "texture": "#0"},
				"down": {"uv": [0.1, 0.1, 0.1, 0.1], "texture": "#0"}
			}
		},
		{
			"from": [6.36953, 19.16444, 9.89968],
			"to": [8.71618, 19.55557, 10.29078],
			"rotation": {"angle": 0, "axis": "y", "origin": [31.40063, 43.80444, 34.53968]},
			"faces": {
				"north": {"uv": [0.1, 0.1, 0.1, 0.1], "texture": "#0"},
				"east": {"uv": [0.1, 0.1, 0.1, 0.1], "texture": "#0"},
				"south": {"uv": [0.1, 0.1, 0.1, 0.1], "texture": "#0"},
				"west": {"uv": [0.1, 0.1, 0.1, 0.1], "texture": "#0"},
				"up": {"uv": [0.1, 0.1, 0.1, 0.1], "texture": "#0"},
				"down": {"uv": [0.1, 0.1, 0.1, 0.1], "texture": "#0"}
			}
		},
		{
			"from": [6.76063, 19.16444, 10.29078],
			"to": [8.32508, 19.55557, 10.68191],
			"rotation": {"angle": 0, "axis": "y", "origin": [31.40063, 43.80444, 34.93078]},
			"faces": {
				"north": {"uv": [0.1, 0.1, 0.1, 0.1], "texture": "#0"},
				"east": {"uv": [0.1, 0.1, 0.1, 0.1], "texture": "#0"},
				"south": {"uv": [0.1, 0.1, 0.1, 0.1], "texture": "#0"},
				"west": {"uv": [0.1, 0.1, 0.1, 0.1], "texture": "#0"},
				"up": {"uv": [0.1, 0.1, 0.1, 0.1], "texture": "#0"},
				"down": {"uv": [0.1, 0.1, 0.1, 0.1], "texture": "#0"}
			}
		},
		{
			"from": [5.9784, 18.77334, 6.7708],
			"to": [9.10731, 19.16444, 11.46414],
			"rotation": {"angle": 0, "axis": "y", "origin": [31.40063, 43.41334, 32.193]},
			"faces": {
				"north": {"uv": [0.1, 0.1, 0.1, 0.1], "texture": "#0"},
				"east": {"uv": [0.1, 0.1, 0.1, 0.1], "texture": "#0"},
				"south": {"uv": [0.1, 0.1, 0.1, 0.1], "texture": "#0"},
				"west": {"uv": [0.1, 0.1, 0.1, 0.1], "texture": "#0"},
				"up": {"uv": [0.1, 0.1, 0.1, 0.1], "texture": "#0"},
				"down": {"uv": [0.1, 0.1, 0.1, 0.1], "texture": "#0"}
			}
		},
		{
			"from": [5.1962, 18.77334, 7.553],
			"to": [9.88954, 19.16444, 10.68191],
			"rotation": {"angle": 0, "axis": "y", "origin": [31.40063, 43.41334, 32.193]},
			"faces": {
				"north": {"uv": [0.1, 0.1, 0.1, 0.1], "texture": "#0"},
				"east": {"uv": [0.1, 0.1, 0.1, 0.1], "texture": "#0"},
				"south": {"uv": [0.1, 0.1, 0.1, 0.1], "texture": "#0"},
				"west": {"uv": [0.1, 0.1, 0.1, 0.1], "texture": "#0"},
				"up": {"uv": [0.1, 0.1, 0.1, 0.1], "texture": "#0"},
				"down": {"uv": [0.1, 0.1, 0.1, 0.1], "texture": "#0"}
			}
		},
		{
			"from": [6.76063, 18.77334, 6.37968],
			"to": [8.32508, 19.16444, 11.85524],
			"rotation": {"angle": 0, "axis": "y", "origin": [31.40063, 43.41334, 32.193]},
			"faces": {
				"north": {"uv": [0.1, 0.1, 0.1, 0.1], "texture": "#0"},
				"east": {"uv": [0.1, 0.1, 0.1, 0.1], "texture": "#0"},
				"south": {"uv": [0.1, 0.1, 0.1, 0.1], "texture": "#0"},
				"west": {"uv": [0.1, 0.1, 0.1, 0.1], "texture": "#0"},
				"up": {"uv": [0.1, 0.1, 0.1, 0.1], "texture": "#0"},
				"down": {"uv": [0.1, 0.1, 0.1, 0.1], "texture": "#0"}
			}
		},
		{
			"from": [4.80507, 18.77334, 8.33523],
			"to": [10.28064, 19.16444, 9.89968],
			"rotation": {"angle": 0, "axis": "y", "origin": [31.40063, 43.41334, 32.193]},
			"faces": {
				"north": {"uv": [0.1, 0.1, 0.1, 0.1], "texture": "#0"},
				"east": {"uv": [0.1, 0.1, 0.1, 0.1], "texture": "#0"},
				"south": {"uv": [0.1, 0.1, 0.1, 0.1], "texture": "#0"},
				"west": {"uv": [0.1, 0.1, 0.1, 0.1], "texture": "#0"},
				"up": {"uv": [0.1, 0.1, 0.1, 0.1], "texture": "#0"},
				"down": {"uv": [0.1, 0.1, 0.1, 0.1], "texture": "#0"}
			}
		},
		{
			"from": [5.5873, 7.43112, 7.1619],
			"to": [9.49841, 19.16444, 11.07301],
			"rotation": {"angle": 0, "axis": "y", "origin": [30.6184, 43.41334, 31.8019]},
			"faces": {
				"north": {"uv": [0.1, 0.1, 0.1, 0.1], "texture": "#0"},
				"east": {"uv": [0.1, 0.1, 0.1, 0.1], "texture": "#0"},
				"south": {"uv": [0.1, 0.1, 0.1, 0.1], "texture": "#0"},
				"west": {"uv": [0.1, 0.1, 0.1, 0.1], "texture": "#0"},
				"up": {"uv": [0.1, 0.1, 0.1, 0.1], "texture": "#0"},
				"down": {"uv": [0.1, 0.1, 0.1, 0.1], "texture": "#0"}
			}
		},
		{
			"from": [4.02285, 18.38221, 8.72636],
			"to": [11.06286, 18.77334, 9.50859],
			"rotation": {"angle": 0, "axis": "y", "origin": [31.40063, 43.02221, 32.193]},
			"faces": {
				"north": {"uv": [0.1, 0.1, 0.1, 0.1], "texture": "#0"},
				"east": {"uv": [0.1, 0.1, 0.1, 0.1], "texture": "#0"},
				"south": {"uv": [0.1, 0.1, 0.1, 0.1], "texture": "#0"},
				"west": {"uv": [0.1, 0.1, 0.1, 0.1], "texture": "#0"},
				"up": {"uv": [0.1, 0.1, 0.1, 0.1], "texture": "#0"},
				"down": {"uv": [0.1, 0.1, 0.1, 0.1], "texture": "#0"}
			}
		},
		{
			"from": [4.41398, 18.38221, 7.553],
			"to": [10.67173, 18.77334, 10.68191],
			"rotation": {"angle": 0, "axis": "y", "origin": [31.40063, 43.02221, 32.193]},
			"faces": {
				"north": {"uv": [0.1, 0.1, 0.1, 0.1], "texture": "#0"},
				"east": {"uv": [0.1, 0.1, 0.1, 0.1], "texture": "#0"},
				"south": {"uv": [0.1, 0.1, 0.1, 0.1], "texture": "#0"},
				"west": {"uv": [0.1, 0.1, 0.1, 0.1], "texture": "#0"},
				"up": {"uv": [0.1, 0.1, 0.1, 0.1], "texture": "#0"},
				"down": {"uv": [0.1, 0.1, 0.1, 0.1], "texture": "#0"}
			}
		},
		{
			"from": [7.15176, 18.38221, 5.59745],
			"to": [7.93395, 18.77334, 12.63747],
			"rotation": {"angle": 0, "axis": "y", "origin": [31.40063, 43.02221, 32.193]},
			"faces": {
				"north": {"uv": [0.1, 0.1, 0.1, 0.1], "texture": "#0"},
				"east": {"uv": [0.1, 0.1, 0.1, 0.1], "texture": "#0"},
				"south": {"uv": [0.1, 0.1, 0.1, 0.1], "texture": "#0"},
				"west": {"uv": [0.1, 0.1, 0.1, 0.1], "texture": "#0"},
				"up": {"uv": [0.1, 0.1, 0.1, 0.1], "texture": "#0"},
				"down": {"uv": [0.1, 0.1, 0.1, 0.1], "texture": "#0"}
			}
		},
		{
			"from": [5.9784, 18.38221, 5.98858],
			"to": [9.10731, 18.77334, 12.24634],
			"rotation": {"angle": 0, "axis": "y", "origin": [31.40063, 43.02221, 32.193]},
			"faces": {
				"north": {"uv": [0.1, 0.1, 0.1, 0.1], "texture": "#0"},
				"east": {"uv": [0.1, 0.1, 0.1, 0.1], "texture": "#0"},
				"south": {"uv": [0.1, 0.1, 0.1, 0.1], "texture": "#0"},
				"west": {"uv": [0.1, 0.1, 0.1, 0.1], "texture": "#0"},
				"up": {"uv": [0.1, 0.1, 0.1, 0.1], "texture": "#0"},
				"down": {"uv": [0.1, 0.1, 0.1, 0.1], "texture": "#0"}
			}
		},
		{
			"from": [4.80507, 18.38221, 6.7708],
			"to": [10.28064, 18.77334, 11.46414],
			"rotation": {"angle": 0, "axis": "y", "origin": [30.6184, 43.02221, 31.8019]},
			"faces": {
				"north": {"uv": [0.1, 0.1, 0.1, 0.1], "texture": "#0"},
				"east": {"uv": [0.1, 0.1, 0.1, 0.1], "texture": "#0"},
				"south": {"uv": [0.1, 0.1, 0.1, 0.1], "texture": "#0"},
				"west": {"uv": [0.1, 0.1, 0.1, 0.1], "texture": "#0"},
				"up": {"uv": [0.1, 0.1, 0.1, 0.1], "texture": "#0"},
				"down": {"uv": [0.1, 0.1, 0.1, 0.1], "texture": "#0"}
			}
		},
		{
			"from": [5.1962, 7.82221, 6.37968],
			"to": [9.88954, 18.77334, 11.85524],
			"rotation": {"angle": 0, "axis": "y", "origin": [30.6184, 43.02221, 31.8019]},
			"faces": {
				"north": {"uv": [0.1, 0.1, 0.1, 0.1], "texture": "#0"},
				"east": {"uv": [0.1, 0.1, 0.1, 0.1], "texture": "#0"},
				"south": {"uv": [0.1, 0.1, 0.1, 0.1], "texture": "#0"},
				"west": {"uv": [0.1, 0.1, 0.1, 0.1], "texture": "#0"},
				"up": {"uv": [0.1, 0.1, 0.1, 0.1], "texture": "#0"},
				"down": {"uv": [0.1, 0.1, 0.1, 0.1], "texture": "#0"}
			}
		},
		{
			"from": [4.80507, 17.99111, 5.98858],
			"to": [10.28064, 18.38221, 12.24634],
			"rotation": {"angle": 0, "axis": "y", "origin": [31.40063, 42.63111, 32.193]},
			"faces": {
				"north": {"uv": [0.1, 0.1, 0.1, 0.1], "texture": "#0"},
				"east": {"uv": [0.1, 0.1, 0.1, 0.1], "texture": "#0"},
				"south": {"uv": [0.1, 0.1, 0.1, 0.1], "texture": "#0"},
				"west": {"uv": [0.1, 0.1, 0.1, 0.1], "texture": "#0"},
				"up": {"uv": [0.1, 0.1, 0.1, 0.1], "texture": "#0"},
				"down": {"uv": [0.1, 0.1, 0.1, 0.1], "texture": "#0"}
			}
		},
		{
			"from": [6.36953, 17.99111, 5.20635],
			"to": [8.71618, 18.38221, 13.02856],
			"rotation": {"angle": 0, "axis": "y", "origin": [31.40063, 42.63111, 32.193]},
			"faces": {
				"north": {"uv": [0.1, 0.1, 0.1, 0.1], "texture": "#0"},
				"east": {"uv": [0.1, 0.1, 0.1, 0.1], "texture": "#0"},
				"south": {"uv": [0.1, 0.1, 0.1, 0.1], "texture": "#0"},
				"west": {"uv": [0.1, 0.1, 0.1, 0.1], "texture": "#0"},
				"up": {"uv": [0.1, 0.1, 0.1, 0.1], "texture": "#0"},
				"down": {"uv": [0.1, 0.1, 0.1, 0.1], "texture": "#0"}
			}
		},
		{
			"from": [4.41398, 17.99111, 6.37968],
			"to": [10.67173, 18.38221, 11.85524],
			"rotation": {"angle": 0, "axis": "y", "origin": [31.40063, 42.63111, 32.193]},
			"faces": {
				"north": {"uv": [0.1, 0.1, 0.1, 0.1], "texture": "#0"},
				"east": {"uv": [0.1, 0.1, 0.1, 0.1], "texture": "#0"},
				"south": {"uv": [0.1, 0.1, 0.1, 0.1], "texture": "#0"},
				"west": {"uv": [0.1, 0.1, 0.1, 0.1], "texture": "#0"},
				"up": {"uv": [0.1, 0.1, 0.1, 0.1], "texture": "#0"},
				"down": {"uv": [0.1, 0.1, 0.1, 0.1], "texture": "#0"}
			}
		},
		{
			"from": [3.63175, 17.99111, 7.94413],
			"to": [11.45396, 18.38221, 10.29078],
			"rotation": {"angle": 0, "axis": "y", "origin": [31.40063, 42.63111, 32.193]},
			"faces": {
				"north": {"uv": [0.1, 0.1, 0.1, 0.1], "texture": "#0"},
				"east": {"uv": [0.1, 0.1, 0.1, 0.1], "texture": "#0"},
				"south": {"uv": [0.1, 0.1, 0.1, 0.1], "texture": "#0"},
				"west": {"uv": [0.1, 0.1, 0.1, 0.1], "texture": "#0"},
				"up": {"uv": [0.1, 0.1, 0.1, 0.1], "texture": "#0"},
				"down": {"uv": [0.1, 0.1, 0.1, 0.1], "texture": "#0"}
			}
		},
		{
			"from": [5.5873, 8.21334, 5.59745],
			"to": [9.49841, 18.38221, 12.63747],
			"rotation": {"angle": 0, "axis": "y", "origin": [31.40063, 42.63111, 32.193]},
			"faces": {
				"north": {"uv": [0.1, 0.1, 0.1, 0.1], "texture": "#0"},
				"east": {"uv": [0.1, 0.1, 0.1, 0.1], "texture": "#0"},
				"south": {"uv": [0.1, 0.1, 0.1, 0.1], "texture": "#0"},
				"west": {"uv": [0.1, 0.1, 0.1, 0.1], "texture": "#0"},
				"up": {"uv": [0.1, 0.1, 0.1, 0.1], "texture": "#0"},
				"down": {"uv": [0.1, 0.1, 0.1, 0.1], "texture": "#0"}
			}
		},
		{
			"from": [4.02285, 17.99111, 7.1619],
			"to": [11.06286, 18.38221, 11.07301],
			"rotation": {"angle": 0, "axis": "y", "origin": [31.40063, 42.63111, 32.193]},
			"faces": {
				"north": {"uv": [0.1, 0.1, 0.1, 0.1], "texture": "#0"},
				"east": {"uv": [0.1, 0.1, 0.1, 0.1], "texture": "#0"},
				"south": {"uv": [0.1, 0.1, 0.1, 0.1], "texture": "#0"},
				"west": {"uv": [0.1, 0.1, 0.1, 0.1], "texture": "#0"},
				"up": {"uv": [0.1, 0.1, 0.1, 0.1], "texture": "#0"},
				"down": {"uv": [0.1, 0.1, 0.1, 0.1], "texture": "#0"}
			}
		},
		{
			"from": [4.80507, 17.60001, 5.59745],
			"to": [10.28064, 17.99111, 12.63747],
			"rotation": {"angle": 0, "axis": "y", "origin": [31.40063, 42.24001, 32.193]},
			"faces": {
				"north": {"uv": [0.1, 0.1, 0.1, 0.1], "texture": "#0"},
				"east": {"uv": [0.1, 0.1, 0.1, 0.1], "texture": "#0"},
				"south": {"uv": [0.1, 0.1, 0.1, 0.1], "texture": "#0"},
				"west": {"uv": [0.1, 0.1, 0.1, 0.1], "texture": "#0"},
				"up": {"uv": [0.1, 0.1, 0.1, 0.1], "texture": "#0"},
				"down": {"uv": [0.1, 0.1, 0.1, 0.1], "texture": "#0"}
			}
		},
		{
			"from": [4.02285, 17.60001, 6.37968],
			"to": [11.06286, 17.99111, 11.85524],
			"rotation": {"angle": 0, "axis": "y", "origin": [31.40063, 42.24001, 32.193]},
			"faces": {
				"north": {"uv": [0.1, 0.1, 0.1, 0.1], "texture": "#0"},
				"east": {"uv": [0.1, 0.1, 0.1, 0.1], "texture": "#0"},
				"south": {"uv": [0.1, 0.1, 0.1, 0.1], "texture": "#0"},
				"west": {"uv": [0.1, 0.1, 0.1, 0.1], "texture": "#0"},
				"up": {"uv": [0.1, 0.1, 0.1, 0.1], "texture": "#0"},
				"down": {"uv": [0.1, 0.1, 0.1, 0.1], "texture": "#0"}
			}
		},
		{
			"from": [5.9784, 17.60001, 4.81525],
			"to": [9.10731, 17.99111, 13.41969],
			"rotation": {"angle": 0, "axis": "y", "origin": [31.40063, 42.24001, 32.193]},
			"faces": {
				"north": {"uv": [0.1, 0.1, 0.1, 0.1], "texture": "#0"},
				"east": {"uv": [0.1, 0.1, 0.1, 0.1], "texture": "#0"},
				"south": {"uv": [0.1, 0.1, 0.1, 0.1], "texture": "#0"},
				"west": {"uv": [0.1, 0.1, 0.1, 0.1], "texture": "#0"},
				"up": {"uv": [0.1, 0.1, 0.1, 0.1], "texture": "#0"},
				"down": {"uv": [0.1, 0.1, 0.1, 0.1], "texture": "#0"}
			}
		},
		{
			"from": [3.24065, 17.60001, 7.553],
			"to": [11.84509, 17.99111, 10.68191],
			"rotation": {"angle": 0, "axis": "y", "origin": [31.40063, 42.24001, 32.193]},
			"faces": {
				"north": {"uv": [0.1, 0.1, 0.1, 0.1], "texture": "#0"},
				"east": {"uv": [0.1, 0.1, 0.1, 0.1], "texture": "#0"},
				"south": {"uv": [0.1, 0.1, 0.1, 0.1], "texture": "#0"},
				"west": {"uv": [0.1, 0.1, 0.1, 0.1], "texture": "#0"},
				"up": {"uv": [0.1, 0.1, 0.1, 0.1], "texture": "#0"},
				"down": {"uv": [0.1, 0.1, 0.1, 0.1], "texture": "#0"}
			}
		},
		{
			"from": [5.1962, 8.60444, 5.20635],
			"to": [9.88954, 17.99111, 13.02856],
			"rotation": {"angle": 0, "axis": "y", "origin": [31.40063, 42.24001, 32.193]},
			"faces": {
				"north": {"uv": [0.1, 0.1, 0.1, 0.1], "texture": "#0"},
				"east": {"uv": [0.1, 0.1, 0.1, 0.1], "texture": "#0"},
				"south": {"uv": [0.1, 0.1, 0.1, 0.1], "texture": "#0"},
				"west": {"uv": [0.1, 0.1, 0.1, 0.1], "texture": "#0"},
				"up": {"uv": [0.1, 0.1, 0.1, 0.1], "texture": "#0"},
				"down": {"uv": [0.1, 0.1, 0.1, 0.1], "texture": "#0"}
			}
		},
		{
			"from": [3.63175, 8.60444, 6.7708],
			"to": [11.45396, 17.99111, 11.46414],
			"rotation": {"angle": 0, "axis": "y", "origin": [31.40063, 42.24001, 32.193]},
			"faces": {
				"north": {"uv": [0.1, 0.1, 0.1, 0.1], "texture": "#0"},
				"east": {"uv": [0.1, 0.1, 0.1, 0.1], "texture": "#0"},
				"south": {"uv": [0.1, 0.1, 0.1, 0.1], "texture": "#0"},
				"west": {"uv": [0.1, 0.1, 0.1, 0.1], "texture": "#0"},
				"up": {"uv": [0.1, 0.1, 0.1, 0.1], "texture": "#0"},
				"down": {"uv": [0.1, 0.1, 0.1, 0.1], "texture": "#0"}
			}
		},
		{
			"from": [4.41398, 8.60444, 5.98858],
			"to": [10.67173, 17.99111, 12.24634],
			"rotation": {"angle": 0, "axis": "y", "origin": [30.6184, 42.24001, 31.8019]},
			"faces": {
				"north": {"uv": [0.1, 0.1, 0.1, 0.1], "texture": "#0"},
				"east": {"uv": [0.1, 0.1, 0.1, 0.1], "texture": "#0"},
				"south": {"uv": [0.1, 0.1, 0.1, 0.1], "texture": "#0"},
				"west": {"uv": [0.1, 0.1, 0.1, 0.1], "texture": "#0"},
				"up": {"uv": [0.1, 0.1, 0.1, 0.1], "texture": "#0"},
				"down": {"uv": [0.1, 0.1, 0.1, 0.1], "texture": "#0"}
			}
		},
		{
			"from": [3.63175, 8.99554, 6.37968],
			"to": [11.45396, 17.60001, 11.85524],
			"rotation": {"angle": 0, "axis": "y", "origin": [31.40063, 41.84888, 32.193]},
			"faces": {
				"north": {"uv": [0.1, 0.1, 0.1, 0.1], "texture": "#0"},
				"east": {"uv": [0.1, 0.1, 0.1, 0.1], "texture": "#0"},
				"south": {"uv": [0.1, 0.1, 0.1, 0.1], "texture": "#0"},
				"west": {"uv": [0.1, 0.1, 0.1, 0.1], "texture": "#0"},
				"up": {"uv": [0.1, 0.1, 0.1, 0.1], "texture": "#0"},
				"down": {"uv": [0.1, 0.1, 0.1, 0.1], "texture": "#0"}
			}
		},
		{
			"from": [2.84952, 17.20888, 7.553],
			"to": [12.23619, 17.60001, 10.68191],
			"rotation": {"angle": 0, "axis": "y", "origin": [31.40063, 41.84888, 32.193]},
			"faces": {
				"north": {"uv": [0.1, 0.1, 0.1, 0.1], "texture": "#0"},
				"east": {"uv": [0.1, 0.1, 0.1, 0.1], "texture": "#0"},
				"south": {"uv": [0.1, 0.1, 0.1, 0.1], "texture": "#0"},
				"west": {"uv": [0.1, 0.1, 0.1, 0.1], "texture": "#0"},
				"up": {"uv": [0.1, 0.1, 0.1, 0.1], "texture": "#0"},
				"down": {"uv": [0.1, 0.1, 0.1, 0.1], "texture": "#0"}
			}
		},
		{
			"from": [5.9784, 8.99554, 4.42412],
			"to": [9.10731, 17.60001, 13.81079],
			"rotation": {"angle": 0, "axis": "y", "origin": [31.40063, 41.84888, 32.193]},
			"faces": {
				"north": {"uv": [0.1, 0.1, 0.1, 0.1], "texture": "#0"},
				"east": {"uv": [0.1, 0.1, 0.1, 0.1], "texture": "#0"},
				"south": {"uv": [0.1, 0.1, 0.1, 0.1], "texture": "#0"},
				"west": {"uv": [0.1, 0.1, 0.1, 0.1], "texture": "#0"},
				"up": {"uv": [0.1, 0.1, 0.1, 0.1], "texture": "#0"},
				"down": {"uv": [0.1, 0.1, 0.1, 0.1], "texture": "#0"}
			}
		},
		{
			"from": [4.80507, 17.20888, 5.20635],
			"to": [10.28064, 17.60001, 13.02856],
			"rotation": {"angle": 0, "axis": "y", "origin": [31.40063, 41.84888, 32.193]},
			"faces": {
				"north": {"uv": [0.1, 0.1, 0.1, 0.1], "texture": "#0"},
				"east": {"uv": [0.1, 0.1, 0.1, 0.1], "texture": "#0"},
				"south": {"uv": [0.1, 0.1, 0.1, 0.1], "texture": "#0"},
				"west": {"uv": [0.1, 0.1, 0.1, 0.1], "texture": "#0"},
				"up": {"uv": [0.1, 0.1, 0.1, 0.1], "texture": "#0"},
				"down": {"uv": [0.1, 0.1, 0.1, 0.1], "texture": "#0"}
			}
		},
		{
			"from": [5.1962, 17.20888, 4.81525],
			"to": [9.88954, 17.60001, 13.41969],
			"rotation": {"angle": 0, "axis": "y", "origin": [31.40063, 41.84888, 32.193]},
			"faces": {
				"north": {"uv": [0.1, 0.1, 0.1, 0.1], "texture": "#0"},
				"east": {"uv": [0.1, 0.1, 0.1, 0.1], "texture": "#0"},
				"south": {"uv": [0.1, 0.1, 0.1, 0.1], "texture": "#0"},
				"west": {"uv": [0.1, 0.1, 0.1, 0.1], "texture": "#0"},
				"up": {"uv": [0.1, 0.1, 0.1, 0.1], "texture": "#0"},
				"down": {"uv": [0.1, 0.1, 0.1, 0.1], "texture": "#0"}
			}
		},
		{
			"from": [3.24065, 8.99554, 6.7708],
			"to": [11.84509, 17.60001, 11.46414],
			"rotation": {"angle": 0, "axis": "y", "origin": [31.40063, 41.84888, 32.193]},
			"faces": {
				"north": {"uv": [0.1, 0.1, 0.1, 0.1], "texture": "#0"},
				"east": {"uv": [0.1, 0.1, 0.1, 0.1], "texture": "#0"},
				"south": {"uv": [0.1, 0.1, 0.1, 0.1], "texture": "#0"},
				"west": {"uv": [0.1, 0.1, 0.1, 0.1], "texture": "#0"},
				"up": {"uv": [0.1, 0.1, 0.1, 0.1], "texture": "#0"},
				"down": {"uv": [0.1, 0.1, 0.1, 0.1], "texture": "#0"}
			}
		},
		{
			"from": [4.02285, 17.20888, 5.59745],
			"to": [11.06286, 17.60001, 12.63747],
			"rotation": {"angle": 0, "axis": "y", "origin": [30.6184, 41.84888, 31.8019]},
			"faces": {
				"north": {"uv": [0.1, 0.1, 0.1, 0.1], "texture": "#0"},
				"east": {"uv": [0.1, 0.1, 0.1, 0.1], "texture": "#0"},
				"south": {"uv": [0.1, 0.1, 0.1, 0.1], "texture": "#0"},
				"west": {"uv": [0.1, 0.1, 0.1, 0.1], "texture": "#0"},
				"up": {"uv": [0.1, 0.1, 0.1, 0.1], "texture": "#0"},
				"down": {"uv": [0.1, 0.1, 0.1, 0.1], "texture": "#0"}
			}
		},
		{
			"from": [2.84952, 8.99554, 7.553],
			"to": [12.23619, 17.60001, 10.68191],
			"rotation": {"angle": 0, "axis": "y", "origin": [31.40063, 41.84888, 32.193]},
			"faces": {
				"north": {"uv": [0.1, 0.1, 0.1, 0.1], "texture": "#0"},
				"east": {"uv": [0.1, 0.1, 0.1, 0.1], "texture": "#0"},
				"south": {"uv": [0.1, 0.1, 0.1, 0.1], "texture": "#0"},
				"west": {"uv": [0.1, 0.1, 0.1, 0.1], "texture": "#0"},
				"up": {"uv": [0.1, 0.1, 0.1, 0.1], "texture": "#0"},
				"down": {"uv": [0.1, 0.1, 0.1, 0.1], "texture": "#0"}
			}
		},
		{
			"from": [3.24065, 9.77777, 5.59745],
			"to": [11.84509, 16.81779, 12.63747],
			"rotation": {"angle": 0, "axis": "y", "origin": [31.40063, 41.45779, 32.193]},
			"faces": {
				"north": {"uv": [0.1, 0.1, 0.1, 0.1], "texture": "#0"},
				"east": {"uv": [0.1, 0.1, 0.1, 0.1], "texture": "#0"},
				"south": {"uv": [0.1, 0.1, 0.1, 0.1], "texture": "#0"},
				"west": {"uv": [0.1, 0.1, 0.1, 0.1], "texture": "#0"},
				"up": {"uv": [0.1, 0.1, 0.1, 0.1], "texture": "#0"},
				"down": {"uv": [0.1, 0.1, 0.1, 0.1], "texture": "#0"}
			}
		},
		{
			"from": [2.84952, 9.38667, 6.7708],
			"to": [12.23619, 17.20888, 11.46414],
			"rotation": {"angle": 0, "axis": "y", "origin": [31.40063, 41.84888, 32.193]},
			"faces": {
				"north": {"uv": [0.1, 0.1, 0.1, 0.1], "texture": "#0"},
				"east": {"uv": [0.1, 0.1, 0.1, 0.1], "texture": "#0"},
				"south": {"uv": [0.1, 0.1, 0.1, 0.1], "texture": "#0"},
				"west": {"uv": [0.1, 0.1, 0.1, 0.1], "texture": "#0"},
				"up": {"uv": [0.1, 0.1, 0.1, 0.1], "texture": "#0"},
				"down": {"uv": [0.1, 0.1, 0.1, 0.1], "texture": "#0"}
			}
		},
		{
			"from": [5.9784, 17.20888, 4.42412],
			"to": [9.10731, 17.60001, 13.81079],
			"rotation": {"angle": 0, "axis": "y", "origin": [31.40063, 41.84888, 32.193]},
			"faces": {
				"north": {"uv": [0.1, 0.1, 0.1, 0.1], "texture": "#0"},
				"east": {"uv": [0.1, 0.1, 0.1, 0.1], "texture": "#0"},
				"south": {"uv": [0.1, 0.1, 0.1, 0.1], "texture": "#0"},
				"west": {"uv": [0.1, 0.1, 0.1, 0.1], "texture": "#0"},
				"up": {"uv": [0.1, 0.1, 0.1, 0.1], "texture": "#0"},
				"down": {"uv": [0.1, 0.1, 0.1, 0.1], "texture": "#0"}
			}
		},
		{
			"from": [4.02285, 9.77777, 4.81525],
			"to": [11.06286, 16.81779, 13.41969],
			"rotation": {"angle": 0, "axis": "y", "origin": [31.40063, 41.06666, 32.193]},
			"faces": {
				"north": {"uv": [0.1, 0.1, 0.1, 0.1], "texture": "#0"},
				"east": {"uv": [0.1, 0.1, 0.1, 0.1], "texture": "#0"},
				"south": {"uv": [0.1, 0.1, 0.1, 0.1], "texture": "#0"},
				"west": {"uv": [0.1, 0.1, 0.1, 0.1], "texture": "#0"},
				"up": {"uv": [0.1, 0.1, 0.1, 0.1], "texture": "#0"},
				"down": {"uv": [0.1, 0.1, 0.1, 0.1], "texture": "#0"}
			}
		},
		{
			"from": [5.1962, 9.38667, 4.42412],
			"to": [9.88954, 17.20888, 13.81079],
			"rotation": {"angle": 0, "axis": "y", "origin": [31.40063, 41.45779, 32.193]},
			"faces": {
				"north": {"uv": [0.1, 0.1, 0.1, 0.1], "texture": "#0"},
				"east": {"uv": [0.1, 0.1, 0.1, 0.1], "texture": "#0"},
				"south": {"uv": [0.1, 0.1, 0.1, 0.1], "texture": "#0"},
				"west": {"uv": [0.1, 0.1, 0.1, 0.1], "texture": "#0"},
				"up": {"uv": [0.1, 0.1, 0.1, 0.1], "texture": "#0"},
				"down": {"uv": [0.1, 0.1, 0.1, 0.1], "texture": "#0"}
			}
		},
		{
			"from": [4.80507, 9.38667, 4.81525],
			"to": [10.28064, 17.20888, 13.41969],
			"rotation": {"angle": 0, "axis": "y", "origin": [31.40063, 41.45779, 32.193]},
			"faces": {
				"north": {"uv": [0.1, 0.1, 0.1, 0.1], "texture": "#0"},
				"east": {"uv": [0.1, 0.1, 0.1, 0.1], "texture": "#0"},
				"south": {"uv": [0.1, 0.1, 0.1, 0.1], "texture": "#0"},
				"west": {"uv": [0.1, 0.1, 0.1, 0.1], "texture": "#0"},
				"up": {"uv": [0.1, 0.1, 0.1, 0.1], "texture": "#0"},
				"down": {"uv": [0.1, 0.1, 0.1, 0.1], "texture": "#0"}
			}
		},
		{
			"from": [3.24065, 9.38667, 6.37968],
			"to": [11.84509, 17.20888, 11.85524],
			"rotation": {"angle": 0, "axis": "y", "origin": [31.40063, 41.84888, 32.193]},
			"faces": {
				"north": {"uv": [0.1, 0.1, 0.1, 0.1], "texture": "#0"},
				"east": {"uv": [0.1, 0.1, 0.1, 0.1], "texture": "#0"},
				"south": {"uv": [0.1, 0.1, 0.1, 0.1], "texture": "#0"},
				"west": {"uv": [0.1, 0.1, 0.1, 0.1], "texture": "#0"},
				"up": {"uv": [0.1, 0.1, 0.1, 0.1], "texture": "#0"},
				"down": {"uv": [0.1, 0.1, 0.1, 0.1], "texture": "#0"}
			}
		},
		{
			"from": [2.45842, 9.38667, 7.94413],
			"to": [12.62729, 17.20888, 10.29078],
			"rotation": {"angle": 0, "axis": "y", "origin": [31.40063, 41.84888, 32.193]},
			"faces": {
				"north": {"uv": [0.1, 0.1, 0.1, 0.1], "texture": "#0"},
				"east": {"uv": [0.1, 0.1, 0.1, 0.1], "texture": "#0"},
				"south": {"uv": [0.1, 0.1, 0.1, 0.1], "texture": "#0"},
				"west": {"uv": [0.1, 0.1, 0.1, 0.1], "texture": "#0"},
				"up": {"uv": [0.1, 0.1, 0.1, 0.1], "texture": "#0"},
				"down": {"uv": [0.1, 0.1, 0.1, 0.1], "texture": "#0"}
			}
		},
		{
			"from": [2.06729, 9.77777, 8.72636],
			"to": [13.01842, 16.81779, 9.50859],
			"rotation": {"angle": 0, "axis": "y", "origin": [31.40063, 41.45779, 32.193]},
			"faces": {
				"north": {"uv": [0.1, 0.1, 0.1, 0.1], "texture": "#0"},
				"east": {"uv": [0.1, 0.1, 0.1, 0.1], "texture": "#0"},
				"south": {"uv": [0.1, 0.1, 0.1, 0.1], "texture": "#0"},
				"west": {"uv": [0.1, 0.1, 0.1, 0.1], "texture": "#0"},
				"up": {"uv": [0.1, 0.1, 0.1, 0.1], "texture": "#0"},
				"down": {"uv": [0.1, 0.1, 0.1, 0.1], "texture": "#0"}
			}
		},
		{
			"from": [6.36953, 9.38667, 4.03302],
			"to": [8.71618, 17.20888, 14.20189],
			"rotation": {"angle": 0, "axis": "y", "origin": [31.40063, 41.45779, 32.193]},
			"faces": {
				"north": {"uv": [0.1, 0.1, 0.1, 0.1], "texture": "#0"},
				"east": {"uv": [0.1, 0.1, 0.1, 0.1], "texture": "#0"},
				"south": {"uv": [0.1, 0.1, 0.1, 0.1], "texture": "#0"},
				"west": {"uv": [0.1, 0.1, 0.1, 0.1], "texture": "#0"},
				"up": {"uv": [0.1, 0.1, 0.1, 0.1], "texture": "#0"},
				"down": {"uv": [0.1, 0.1, 0.1, 0.1], "texture": "#0"}
			}
		},
		{
			"from": [7.15176, 9.77777, 3.64189],
			"to": [7.93395, 16.81779, 14.59302],
			"rotation": {"angle": 0, "axis": "y", "origin": [31.40063, 41.06666, 32.193]},
			"faces": {
				"north": {"uv": [0.1, 0.1, 0.1, 0.1], "texture": "#0"},
				"east": {"uv": [0.1, 0.1, 0.1, 0.1], "texture": "#0"},
				"south": {"uv": [0.1, 0.1, 0.1, 0.1], "texture": "#0"},
				"west": {"uv": [0.1, 0.1, 0.1, 0.1], "texture": "#0"},
				"up": {"uv": [0.1, 0.1, 0.1, 0.1], "texture": "#0"},
				"down": {"uv": [0.1, 0.1, 0.1, 0.1], "texture": "#0"}
			}
		},
		{
			"from": [5.5873, 9.77777, 4.03302],
			"to": [9.49841, 16.81779, 14.20189],
			"rotation": {"angle": 0, "axis": "y", "origin": [31.40063, 41.06666, 32.193]},
			"faces": {
				"north": {"uv": [0.1, 0.1, 0.1, 0.1], "texture": "#0"},
				"east": {"uv": [0.1, 0.1, 0.1, 0.1], "texture": "#0"},
				"south": {"uv": [0.1, 0.1, 0.1, 0.1], "texture": "#0"},
				"west": {"uv": [0.1, 0.1, 0.1, 0.1], "texture": "#0"},
				"up": {"uv": [0.1, 0.1, 0.1, 0.1], "texture": "#0"},
				"down": {"uv": [0.1, 0.1, 0.1, 0.1], "texture": "#0"}
			}
		},
		{
			"from": [2.45842, 9.77777, 7.1619],
			"to": [12.62729, 16.81779, 11.07301],
			"rotation": {"angle": 0, "axis": "y", "origin": [31.40063, 41.45779, 32.193]},
			"faces": {
				"north": {"uv": [0.1, 0.1, 0.1, 0.1], "texture": "#0"},
				"east": {"uv": [0.1, 0.1, 0.1, 0.1], "texture": "#0"},
				"south": {"uv": [0.1, 0.1, 0.1, 0.1], "texture": "#0"},
				"west": {"uv": [0.1, 0.1, 0.1, 0.1], "texture": "#0"},
				"up": {"uv": [0.1, 0.1, 0.1, 0.1], "texture": "#0"},
				"down": {"uv": [0.1, 0.1, 0.1, 0.1], "texture": "#0"}
			}
		},
		{
			"from": [4.80507, 9.77777, 4.42412],
			"to": [10.28064, 16.81779, 13.81079],
			"rotation": {"angle": 0, "axis": "y", "origin": [31.40063, 41.06666, 32.193]},
			"faces": {
				"north": {"uv": [0.1, 0.1, 0.1, 0.1], "texture": "#0"},
				"east": {"uv": [0.1, 0.1, 0.1, 0.1], "texture": "#0"},
				"south": {"uv": [0.1, 0.1, 0.1, 0.1], "texture": "#0"},
				"west": {"uv": [0.1, 0.1, 0.1, 0.1], "texture": "#0"},
				"up": {"uv": [0.1, 0.1, 0.1, 0.1], "texture": "#0"},
				"down": {"uv": [0.1, 0.1, 0.1, 0.1], "texture": "#0"}
			}
		},
		{
			"from": [2.84952, 10.1689, 5.98858],
			"to": [12.23619, 16.42666, 12.24634],
			"rotation": {"angle": 0, "axis": "y", "origin": [31.40063, 41.45779, 32.193]},
			"faces": {
				"north": {"uv": [0.1, 0.1, 0.1, 0.1], "texture": "#0"},
				"east": {"uv": [0.1, 0.1, 0.1, 0.1], "texture": "#0"},
				"south": {"uv": [0.1, 0.1, 0.1, 0.1], "texture": "#0"},
				"west": {"uv": [0.1, 0.1, 0.1, 0.1], "texture": "#0"},
				"up": {"uv": [0.1, 0.1, 0.1, 0.1], "texture": "#0"},
				"down": {"uv": [0.1, 0.1, 0.1, 0.1], "texture": "#0"}
			}
		},
		{
			"from": [3.63175, 9.77777, 5.20635],
			"to": [11.45396, 16.81779, 13.02856],
			"rotation": {"angle": 0, "axis": "y", "origin": [30.6184, 41.06666, 31.8019]},
			"faces": {
				"north": {"uv": [0.1, 0.1, 0.1, 0.1], "texture": "#0"},
				"east": {"uv": [0.1, 0.1, 0.1, 0.1], "texture": "#0"},
				"south": {"uv": [0.1, 0.1, 0.1, 0.1], "texture": "#0"},
				"west": {"uv": [0.1, 0.1, 0.1, 0.1], "texture": "#0"},
				"up": {"uv": [0.1, 0.1, 0.1, 0.1], "texture": "#0"},
				"down": {"uv": [0.1, 0.1, 0.1, 0.1], "texture": "#0"}
			}
		},
		{
			"from": [5.9784, 10.1689, 3.64189],
			"to": [9.10731, 16.42666, 14.59302],
			"rotation": {"angle": 0, "axis": "y", "origin": [31.40063, 40.67556, 32.193]},
			"faces": {
				"north": {"uv": [0.1, 0.1, 0.1, 0.1], "texture": "#0"},
				"east": {"uv": [0.1, 0.1, 0.1, 0.1], "texture": "#0"},
				"south": {"uv": [0.1, 0.1, 0.1, 0.1], "texture": "#0"},
				"west": {"uv": [0.1, 0.1, 0.1, 0.1], "texture": "#0"},
				"up": {"uv": [0.1, 0.1, 0.1, 0.1], "texture": "#0"},
				"down": {"uv": [0.1, 0.1, 0.1, 0.1], "texture": "#0"}
			}
		},
		{
			"from": [5.1962, 10.56, 3.64189],
			"to": [9.88954, 16.03556, 14.59302],
			"rotation": {"angle": 0, "axis": "y", "origin": [31.40063, 40.28446, 32.193]},
			"faces": {
				"north": {"uv": [0.1, 0.1, 0.1, 0.1], "texture": "#0"},
				"east": {"uv": [0.1, 0.1, 0.1, 0.1], "texture": "#0"},
				"south": {"uv": [0.1, 0.1, 0.1, 0.1], "texture": "#0"},
				"west": {"uv": [0.1, 0.1, 0.1, 0.1], "texture": "#0"},
				"up": {"uv": [0.1, 0.1, 0.1, 0.1], "texture": "#0"},
				"down": {"uv": [0.1, 0.1, 0.1, 0.1], "texture": "#0"}
			}
		},
		{
			"from": [4.80507, 10.95112, 3.64189],
			"to": [10.28064, 15.64446, 14.59302],
			"rotation": {"angle": 0, "axis": "y", "origin": [31.40063, 39.89333, 32.193]},
			"faces": {
				"north": {"uv": [0.1, 0.1, 0.1, 0.1], "texture": "#0"},
				"east": {"uv": [0.1, 0.1, 0.1, 0.1], "texture": "#0"},
				"south": {"uv": [0.1, 0.1, 0.1, 0.1], "texture": "#0"},
				"west": {"uv": [0.1, 0.1, 0.1, 0.1], "texture": "#0"},
				"up": {"uv": [0.1, 0.1, 0.1, 0.1], "texture": "#0"},
				"down": {"uv": [0.1, 0.1, 0.1, 0.1], "texture": "#0"}
			}
		},
		{
			"from": [2.06729, 10.1689, 7.553],
			"to": [13.01842, 16.42666, 10.68191],
			"rotation": {"angle": 0, "axis": "y", "origin": [31.40063, 41.45779, 32.193]},
			"faces": {
				"north": {"uv": [0.1, 0.1, 0.1, 0.1], "texture": "#0"},
				"east": {"uv": [0.1, 0.1, 0.1, 0.1], "texture": "#0"},
				"south": {"uv": [0.1, 0.1, 0.1, 0.1], "texture": "#0"},
				"west": {"uv": [0.1, 0.1, 0.1, 0.1], "texture": "#0"},
				"up": {"uv": [0.1, 0.1, 0.1, 0.1], "texture": "#0"},
				"down": {"uv": [0.1, 0.1, 0.1, 0.1], "texture": "#0"}
			}
		},
		{
			"from": [2.06729, 10.56, 6.7708],
			"to": [13.01842, 16.03556, 11.46414],
			"rotation": {"angle": 0, "axis": "y", "origin": [31.40063, 41.45779, 32.193]},
			"faces": {
				"north": {"uv": [0.1, 0.1, 0.1, 0.1], "texture": "#0"},
				"east": {"uv": [0.1, 0.1, 0.1, 0.1], "texture": "#0"},
				"south": {"uv": [0.1, 0.1, 0.1, 0.1], "texture": "#0"},
				"west": {"uv": [0.1, 0.1, 0.1, 0.1], "texture": "#0"},
				"up": {"uv": [0.1, 0.1, 0.1, 0.1], "texture": "#0"},
				"down": {"uv": [0.1, 0.1, 0.1, 0.1], "texture": "#0"}
			}
		},
		{
			"from": [2.06729, 10.95112, 6.37968],
			"to": [13.01842, 15.64446, 11.85524],
			"rotation": {"angle": 0, "axis": "y", "origin": [31.40063, 41.45779, 32.193]},
			"faces": {
				"north": {"uv": [0.1, 0.1, 0.1, 0.1], "texture": "#0"},
				"east": {"uv": [0.1, 0.1, 0.1, 0.1], "texture": "#0"},
				"south": {"uv": [0.1, 0.1, 0.1, 0.1], "texture": "#0"},
				"west": {"uv": [0.1, 0.1, 0.1, 0.1], "texture": "#0"},
				"up": {"uv": [0.1, 0.1, 0.1, 0.1], "texture": "#0"},
				"down": {"uv": [0.1, 0.1, 0.1, 0.1], "texture": "#0"}
			}
		},
		{
			"from": [2.06729, 11.73332, 5.98858],
			"to": [13.01842, 14.86223, 12.24634],
			"rotation": {"angle": 0, "axis": "y", "origin": [31.40063, 41.45779, 32.193]},
			"faces": {
				"north": {"uv": [0.1, 0.1, 0.1, 0.1], "texture": "#0"},
				"east": {"uv": [0.1, 0.1, 0.1, 0.1], "texture": "#0"},
				"south": {"uv": [0.1, 0.1, 0.1, 0.1], "texture": "#0"},
				"west": {"uv": [0.1, 0.1, 0.1, 0.1], "texture": "#0"},
				"up": {"uv": [0.1, 0.1, 0.1, 0.1], "texture": "#0"},
				"down": {"uv": [0.1, 0.1, 0.1, 0.1], "texture": "#0"}
			}
		},
		{
			"from": [2.06729, 12.90668, 5.59745],
			"to": [13.01842, 13.68888, 12.63747],
			"rotation": {"angle": 0, "axis": "y", "origin": [31.40063, 41.45779, 32.193]},
			"faces": {
				"north": {"uv": [0.1, 0.1, 0.1, 0.1], "texture": "#0"},
				"east": {"uv": [0.1, 0.1, 0.1, 0.1], "texture": "#0"},
				"south": {"uv": [0.1, 0.1, 0.1, 0.1], "texture": "#0"},
				"west": {"uv": [0.1, 0.1, 0.1, 0.1], "texture": "#0"},
				"up": {"uv": [0.1, 0.1, 0.1, 0.1], "texture": "#0"},
				"down": {"uv": [0.1, 0.1, 0.1, 0.1], "texture": "#0"}
			}
		},
		{
			"from": [2.45842, 10.1689, 6.37968],
			"to": [12.62729, 16.42666, 11.85524],
			"rotation": {"angle": 0, "axis": "y", "origin": [31.40063, 41.45779, 32.193]},
			"faces": {
				"north": {"uv": [0.1, 0.1, 0.1, 0.1], "texture": "#0"},
				"east": {"uv": [0.1, 0.1, 0.1, 0.1], "texture": "#0"},
				"south": {"uv": [0.1, 0.1, 0.1, 0.1], "texture": "#0"},
				"west": {"uv": [0.1, 0.1, 0.1, 0.1], "texture": "#0"},
				"up": {"uv": [0.1, 0.1, 0.1, 0.1], "texture": "#0"},
				"down": {"uv": [0.1, 0.1, 0.1, 0.1], "texture": "#0"}
			}
		},
		{
			"from": [9.09801, 12.49017, 6.8771],
			"to": [12.67469, 16.23717, 7.82854],
			"rotation": {"angle": 0, "axis": "y", "origin": [31.40063, 41.45779, 32.193]},
			"faces": {
				"north": {"uv": [0.1, 0.1, 0.1, 0.1], "texture": "#0"},
				"east": {"uv": [0.1, 0.1, 0.1, 0.1], "texture": "#0"},
				"south": {"uv": [0.1, 0.1, 0.1, 0.1], "texture": "#0"},
				"west": {"uv": [0.1, 0.1, 0.1, 0.1], "texture": "#0"},
				"up": {"uv": [0.1, 0.1, 0.1, 0.1], "texture": "#0"},
				"down": {"uv": [0.1, 0.1, 0.1, 0.1], "texture": "#0"}
			}
		},
		{
			"from": [2.45842, 10.56, 5.98858],
			"to": [12.62729, 16.03556, 12.24634],
			"rotation": {"angle": 0, "axis": "y", "origin": [31.40063, 41.45779, 32.193]},
			"faces": {
				"north": {"uv": [0.1, 0.1, 0.1, 0.1], "texture": "#0"},
				"east": {"uv": [0.1, 0.1, 0.1, 0.1], "texture": "#0"},
				"south": {"uv": [0.1, 0.1, 0.1, 0.1], "texture": "#0"},
				"west": {"uv": [0.1, 0.1, 0.1, 0.1], "texture": "#0"},
				"up": {"uv": [0.1, 0.1, 0.1, 0.1], "texture": "#0"},
				"down": {"uv": [0.1, 0.1, 0.1, 0.1], "texture": "#0"}
			}
		},
		{
			"from": [2.45842, 11.34222, 5.59745],
			"to": [12.62729, 15.25333, 12.63747],
			"rotation": {"angle": 0, "axis": "y", "origin": [31.40063, 41.45779, 32.193]},
			"faces": {
				"north": {"uv": [0.1, 0.1, 0.1, 0.1], "texture": "#0"},
				"east": {"uv": [0.1, 0.1, 0.1, 0.1], "texture": "#0"},
				"south": {"uv": [0.1, 0.1, 0.1, 0.1], "texture": "#0"},
				"west": {"uv": [0.1, 0.1, 0.1, 0.1], "texture": "#0"},
				"up": {"uv": [0.1, 0.1, 0.1, 0.1], "texture": "#0"},
				"down": {"uv": [0.1, 0.1, 0.1, 0.1], "texture": "#0"}
			}
		},
		{
			"from": [2.45842, 12.12445, 5.20635],
			"to": [12.62729, 14.4711, 13.02856],
			"rotation": {"angle": 0, "axis": "y", "origin": [31.40063, 41.45779, 32.193]},
			"faces": {
				"north": {"uv": [0.1, 0.1, 0.1, 0.1], "texture": "#0"},
				"east": {"uv": [0.1, 0.1, 0.1, 0.1], "texture": "#0"},
				"south": {"uv": [0.1, 0.1, 0.1, 0.1], "texture": "#0"},
				"west": {"uv": [0.1, 0.1, 0.1, 0.1], "texture": "#0"},
				"up": {"uv": [0.1, 0.1, 0.1, 0.1], "texture": "#0"},
				"down": {"uv": [0.1, 0.1, 0.1, 0.1], "texture": "#0"}
			}
		},
		{
			"from": [2.84952, 9.77777, 6.37968],
			"to": [12.23619, 16.81779, 11.85524],
			"rotation": {"angle": 0, "axis": "y", "origin": [31.40063, 41.45779, 32.193]},
			"faces": {
				"north": {"uv": [0.1, 0.1, 0.1, 0.1], "texture": "#0"},
				"east": {"uv": [0.1, 0.1, 0.1, 0.1], "texture": "#0"},
				"south": {"uv": [0.1, 0.1, 0.1, 0.1], "texture": "#0"},
				"west": {"uv": [0.1, 0.1, 0.1, 0.1], "texture": "#0"},
				"up": {"uv": [0.1, 0.1, 0.1, 0.1], "texture": "#0"},
				"down": {"uv": [0.1, 0.1, 0.1, 0.1], "texture": "#0"}
			}
		},
		{
			"from": [2.84952, 10.56, 5.59745],
			"to": [12.23619, 16.03556, 12.63747],
			"rotation": {"angle": 0, "axis": "y", "origin": [31.40063, 41.45779, 32.193]},
			"faces": {
				"north": {"uv": [0.1, 0.1, 0.1, 0.1], "texture": "#0"},
				"east": {"uv": [0.1, 0.1, 0.1, 0.1], "texture": "#0"},
				"south": {"uv": [0.1, 0.1, 0.1, 0.1], "texture": "#0"},
				"west": {"uv": [0.1, 0.1, 0.1, 0.1], "texture": "#0"},
				"up": {"uv": [0.1, 0.1, 0.1, 0.1], "texture": "#0"},
				"down": {"uv": [0.1, 0.1, 0.1, 0.1], "texture": "#0"}
			}
		},
		{
			"from": [2.84952, 10.95112, 5.20635],
			"to": [12.23619, 15.64446, 13.02856],
			"rotation": {"angle": 0, "axis": "y", "origin": [31.40063, 41.45779, 32.193]},
			"faces": {
				"north": {"uv": [0.1, 0.1, 0.1, 0.1], "texture": "#0"},
				"east": {"uv": [0.1, 0.1, 0.1, 0.1], "texture": "#0"},
				"south": {"uv": [0.1, 0.1, 0.1, 0.1], "texture": "#0"},
				"west": {"uv": [0.1, 0.1, 0.1, 0.1], "texture": "#0"},
				"up": {"uv": [0.1, 0.1, 0.1, 0.1], "texture": "#0"},
				"down": {"uv": [0.1, 0.1, 0.1, 0.1], "texture": "#0"}
			}
		},
		{
			"from": [2.84952, 11.73332, 4.81525],
			"to": [12.23619, 14.86223, 13.41969],
			"rotation": {"angle": 0, "axis": "y", "origin": [31.40063, 41.45779, 32.193]},
			"faces": {
				"north": {"uv": [0.1, 0.1, 0.1, 0.1], "texture": "#0"},
				"east": {"uv": [0.1, 0.1, 0.1, 0.1], "texture": "#0"},
				"south": {"uv": [0.1, 0.1, 0.1, 0.1], "texture": "#0"},
				"west": {"uv": [0.1, 0.1, 0.1, 0.1], "texture": "#0"},
				"up": {"uv": [0.1, 0.1, 0.1, 0.1], "texture": "#0"},
				"down": {"uv": [0.1, 0.1, 0.1, 0.1], "texture": "#0"}
			}
		},
		{
			"from": [1.67619, 12.51555, 6.37968],
			"to": [13.40952, 14.08, 11.85524],
			"rotation": {"angle": 0, "axis": "y", "origin": [31.40063, 41.45779, 32.193]},
			"faces": {
				"north": {"uv": [0.1, 0.1, 0.1, 0.1], "texture": "#0"},
				"east": {"uv": [0.1, 0.1, 0.1, 0.1], "texture": "#0"},
				"south": {"uv": [0.1, 0.1, 0.1, 0.1], "texture": "#0"},
				"west": {"uv": [0.1, 0.1, 0.1, 0.1], "texture": "#0"},
				"up": {"uv": [0.1, 0.1, 0.1, 0.1], "texture": "#0"},
				"down": {"uv": [0.1, 0.1, 0.1, 0.1], "texture": "#0"}
			}
		},
		{
			"from": [1.67619, 11.73332, 6.7708],
			"to": [13.40952, 14.86223, 11.46414],
			"rotation": {"angle": 0, "axis": "y", "origin": [31.40063, 41.45779, 32.193]},
			"faces": {
				"north": {"uv": [0.1, 0.1, 0.1, 0.1], "texture": "#0"},
				"east": {"uv": [0.1, 0.1, 0.1, 0.1], "texture": "#0"},
				"south": {"uv": [0.1, 0.1, 0.1, 0.1], "texture": "#0"},
				"west": {"uv": [0.1, 0.1, 0.1, 0.1], "texture": "#0"},
				"up": {"uv": [0.1, 0.1, 0.1, 0.1], "texture": "#0"},
				"down": {"uv": [0.1, 0.1, 0.1, 0.1], "texture": "#0"}
			}
		},
		{
			"from": [1.67619, 11.34222, 7.1619],
			"to": [13.40952, 15.25333, 11.07301],
			"rotation": {"angle": 0, "axis": "y", "origin": [31.40063, 41.45779, 32.193]},
			"faces": {
				"north": {"uv": [0.1, 0.1, 0.1, 0.1], "texture": "#0"},
				"east": {"uv": [0.1, 0.1, 0.1, 0.1], "texture": "#0"},
				"south": {"uv": [0.1, 0.1, 0.1, 0.1], "texture": "#0"},
				"west": {"uv": [0.1, 0.1, 0.1, 0.1], "texture": "#0"},
				"up": {"uv": [0.1, 0.1, 0.1, 0.1], "texture": "#0"},
				"down": {"uv": [0.1, 0.1, 0.1, 0.1], "texture": "#0"}
			}
		},
		{
			"from": [1.67619, 10.95112, 7.553],
			"to": [13.40952, 15.64446, 10.68191],
			"rotation": {"angle": 0, "axis": "y", "origin": [31.40063, 41.45779, 32.193]},
			"faces": {
				"north": {"uv": [0.1, 0.1, 0.1, 0.1], "texture": "#0"},
				"east": {"uv": [0.1, 0.1, 0.1, 0.1], "texture": "#0"},
				"south": {"uv": [0.1, 0.1, 0.1, 0.1], "texture": "#0"},
				"west": {"uv": [0.1, 0.1, 0.1, 0.1], "texture": "#0"},
				"up": {"uv": [0.1, 0.1, 0.1, 0.1], "texture": "#0"},
				"down": {"uv": [0.1, 0.1, 0.1, 0.1], "texture": "#0"}
			}
		},
		{
			"from": [1.67619, 10.56, 8.33523],
			"to": [13.40952, 16.03556, 9.89968],
			"rotation": {"angle": 0, "axis": "y", "origin": [31.40063, 41.45779, 32.193]},
			"faces": {
				"north": {"uv": [0.1, 0.1, 0.1, 0.1], "texture": "#0"},
				"east": {"uv": [0.1, 0.1, 0.1, 0.1], "texture": "#0"},
				"south": {"uv": [0.1, 0.1, 0.1, 0.1], "texture": "#0"},
				"west": {"uv": [0.1, 0.1, 0.1, 0.1], "texture": "#0"},
				"up": {"uv": [0.1, 0.1, 0.1, 0.1], "texture": "#0"},
				"down": {"uv": [0.1, 0.1, 0.1, 0.1], "texture": "#0"}
			}
		},
		{
			"from": [1.28507, 11.73332, 8.33523],
			"to": [13.80065, 14.86223, 9.89968],
			"rotation": {"angle": 0, "axis": "y", "origin": [31.40063, 41.45779, 32.193]},
			"faces": {
				"north": {"uv": [0.1, 0.1, 0.1, 0.1], "texture": "#0"},
				"east": {"uv": [0.1, 0.1, 0.1, 0.1], "texture": "#0"},
				"south": {"uv": [0.1, 0.1, 0.1, 0.1], "texture": "#0"},
				"west": {"uv": [0.1, 0.1, 0.1, 0.1], "texture": "#0"},
				"up": {"uv": [0.1, 0.1, 0.1, 0.1], "texture": "#0"},
				"down": {"uv": [0.1, 0.1, 0.1, 0.1], "texture": "#0"}
			}
		},
		{
			"from": [1.28507, 12.51555, 7.553],
			"to": [13.80065, 14.08, 10.68191],
			"rotation": {"angle": 0, "axis": "y", "origin": [31.40063, 41.45779, 32.193]},
			"faces": {
				"north": {"uv": [0.1, 0.1, 0.1, 0.1], "texture": "#0"},
				"east": {"uv": [0.1, 0.1, 0.1, 0.1], "texture": "#0"},
				"south": {"uv": [0.1, 0.1, 0.1, 0.1], "texture": "#0"},
				"west": {"uv": [0.1, 0.1, 0.1, 0.1], "texture": "#0"},
				"up": {"uv": [0.1, 0.1, 0.1, 0.1], "texture": "#0"},
				"down": {"uv": [0.1, 0.1, 0.1, 0.1], "texture": "#0"}
			}
		},
		{
			"from": [1.28507, 12.12445, 7.94413],
			"to": [13.80065, 14.4711, 10.29078],
			"rotation": {"angle": 0, "axis": "y", "origin": [31.40063, 41.45779, 32.193]},
			"faces": {
				"north": {"uv": [0.1, 0.1, 0.1, 0.1], "texture": "#0"},
				"east": {"uv": [0.1, 0.1, 0.1, 0.1], "texture": "#0"},
				"south": {"uv": [0.1, 0.1, 0.1, 0.1], "texture": "#0"},
				"west": {"uv": [0.1, 0.1, 0.1, 0.1], "texture": "#0"},
				"up": {"uv": [0.1, 0.1, 0.1, 0.1], "texture": "#0"},
				"down": {"uv": [0.1, 0.1, 0.1, 0.1], "texture": "#0"}
			}
		},
		{
			"from": [4.80507, 12.51555, 3.2508],
			"to": [10.28064, 14.08, 14.98412],
			"rotation": {"angle": 0, "axis": "y", "origin": [31.40063, 39.89333, 32.193]},
			"faces": {
				"north": {"uv": [0.1, 0.1, 0.1, 0.1], "texture": "#0"},
				"east": {"uv": [0.1, 0.1, 0.1, 0.1], "texture": "#0"},
				"south": {"uv": [0.1, 0.1, 0.1, 0.1], "texture": "#0"},
				"west": {"uv": [0.1, 0.1, 0.1, 0.1], "texture": "#0"},
				"up": {"uv": [0.1, 0.1, 0.1, 0.1], "texture": "#0"},
				"down": {"uv": [0.1, 0.1, 0.1, 0.1], "texture": "#0"}
			}
		},
		{
			"from": [5.9784, 10.95112, 3.2508],
			"to": [9.10731, 15.64446, 14.98412],
			"rotation": {"angle": 0, "axis": "y", "origin": [31.40063, 39.89333, 32.193]},
			"faces": {
				"north": {"uv": [0.1, 0.1, 0.1, 0.1], "texture": "#0"},
				"east": {"uv": [0.1, 0.1, 0.1, 0.1], "texture": "#0"},
				"south": {"uv": [0.1, 0.1, 0.1, 0.1], "texture": "#0"},
				"west": {"uv": [0.1, 0.1, 0.1, 0.1], "texture": "#0"},
				"up": {"uv": [0.1, 0.1, 0.1, 0.1], "texture": "#0"},
				"down": {"uv": [0.1, 0.1, 0.1, 0.1], "texture": "#0"}
			}
		},
		{
			"from": [5.1962, 11.73332, 3.2508],
			"to": [9.88954, 14.86223, 14.98412],
			"rotation": {"angle": 0, "axis": "y", "origin": [31.40063, 39.89333, 32.193]},
			"faces": {
				"north": {"uv": [0.1, 0.1, 0.1, 0.1], "texture": "#0"},
				"east": {"uv": [0.1, 0.1, 0.1, 0.1], "texture": "#0"},
				"south": {"uv": [0.1, 0.1, 0.1, 0.1], "texture": "#0"},
				"west": {"uv": [0.1, 0.1, 0.1, 0.1], "texture": "#0"},
				"up": {"uv": [0.1, 0.1, 0.1, 0.1], "texture": "#0"},
				"down": {"uv": [0.1, 0.1, 0.1, 0.1], "texture": "#0"}
			}
		},
		{
			"from": [6.76063, 10.56, 3.2508],
			"to": [8.32508, 16.03556, 14.98412],
			"rotation": {"angle": 0, "axis": "y", "origin": [31.40063, 39.89333, 32.193]},
			"faces": {
				"north": {"uv": [0.1, 0.1, 0.1, 0.1], "texture": "#0"},
				"east": {"uv": [0.1, 0.1, 0.1, 0.1], "texture": "#0"},
				"south": {"uv": [0.1, 0.1, 0.1, 0.1], "texture": "#0"},
				"west": {"uv": [0.1, 0.1, 0.1, 0.1], "texture": "#0"},
				"up": {"uv": [0.1, 0.1, 0.1, 0.1], "texture": "#0"},
				"down": {"uv": [0.1, 0.1, 0.1, 0.1], "texture": "#0"}
			}
		},
		{
			"from": [5.5873, 11.34222, 3.2508],
			"to": [9.49841, 15.25333, 14.98412],
			"rotation": {"angle": 0, "axis": "y", "origin": [31.40063, 39.89333, 32.193]},
			"faces": {
				"north": {"uv": [0.1, 0.1, 0.1, 0.1], "texture": "#0"},
				"east": {"uv": [0.1, 0.1, 0.1, 0.1], "texture": "#0"},
				"south": {"uv": [0.1, 0.1, 0.1, 0.1], "texture": "#0"},
				"west": {"uv": [0.1, 0.1, 0.1, 0.1], "texture": "#0"},
				"up": {"uv": [0.1, 0.1, 0.1, 0.1], "texture": "#0"},
				"down": {"uv": [0.1, 0.1, 0.1, 0.1], "texture": "#0"}
			}
		},
		{
			"from": [6.76063, 11.73332, 2.8597],
			"to": [8.32508, 14.86223, 15.37525],
			"rotation": {"angle": 0, "axis": "y", "origin": [31.40063, 39.89333, 32.193]},
			"faces": {
				"north": {"uv": [0.1, 0.1, 0.1, 0.1], "texture": "#0"},
				"east": {"uv": [0.1, 0.1, 0.1, 0.1], "texture": "#0"},
				"south": {"uv": [0.1, 0.1, 0.1, 0.1], "texture": "#0"},
				"west": {"uv": [0.1, 0.1, 0.1, 0.1], "texture": "#0"},
				"up": {"uv": [0.1, 0.1, 0.1, 0.1], "texture": "#0"},
				"down": {"uv": [0.1, 0.1, 0.1, 0.1], "texture": "#0"}
			}
		},
		{
			"from": [6.36953, 12.12445, 2.8597],
			"to": [8.71618, 14.4711, 15.37525],
			"rotation": {"angle": 0, "axis": "y", "origin": [31.40063, 39.89333, 32.193]},
			"faces": {
				"north": {"uv": [0.1, 0.1, 0.1, 0.1], "texture": "#0"},
				"east": {"uv": [0.1, 0.1, 0.1, 0.1], "texture": "#0"},
				"south": {"uv": [0.1, 0.1, 0.1, 0.1], "texture": "#0"},
				"west": {"uv": [0.1, 0.1, 0.1, 0.1], "texture": "#0"},
				"up": {"uv": [0.1, 0.1, 0.1, 0.1], "texture": "#0"},
				"down": {"uv": [0.1, 0.1, 0.1, 0.1], "texture": "#0"}
			}
		},
		{
			"from": [5.9784, 12.51555, 2.8597],
			"to": [9.10731, 14.08, 15.37525],
			"rotation": {"angle": 0, "axis": "y", "origin": [31.40063, 39.89333, 32.193]},
			"faces": {
				"north": {"uv": [0.1, 0.1, 0.1, 0.1], "texture": "#0"},
				"east": {"uv": [0.1, 0.1, 0.1, 0.1], "texture": "#0"},
				"south": {"uv": [0.1, 0.1, 0.1, 0.1], "texture": "#0"},
				"west": {"uv": [0.1, 0.1, 0.1, 0.1], "texture": "#0"},
				"up": {"uv": [0.1, 0.1, 0.1, 0.1], "texture": "#0"},
				"down": {"uv": [0.1, 0.1, 0.1, 0.1], "texture": "#0"}
			}
		},
		{
			"from": [4.41398, 11.73332, 3.64189],
			"to": [10.67173, 14.86223, 14.59302],
			"rotation": {"angle": 0, "axis": "y", "origin": [31.40063, 39.89333, 32.193]},
			"faces": {
				"north": {"uv": [0.1, 0.1, 0.1, 0.1], "texture": "#0"},
				"east": {"uv": [0.1, 0.1, 0.1, 0.1], "texture": "#0"},
				"south": {"uv": [0.1, 0.1, 0.1, 0.1], "texture": "#0"},
				"west": {"uv": [0.1, 0.1, 0.1, 0.1], "texture": "#0"},
				"up": {"uv": [0.1, 0.1, 0.1, 0.1], "texture": "#0"},
				"down": {"uv": [0.1, 0.1, 0.1, 0.1], "texture": "#0"}
			}
		},
		{
			"from": [4.02285, 12.90668, 3.64189],
			"to": [11.06286, 13.68888, 14.59302],
			"rotation": {"angle": 0, "axis": "y", "origin": [31.40063, 39.89333, 32.193]},
			"faces": {
				"north": {"uv": [0.1, 0.1, 0.1, 0.1], "texture": "#0"},
				"east": {"uv": [0.1, 0.1, 0.1, 0.1], "texture": "#0"},
				"south": {"uv": [0.1, 0.1, 0.1, 0.1], "texture": "#0"},
				"west": {"uv": [0.1, 0.1, 0.1, 0.1], "texture": "#0"},
				"up": {"uv": [0.1, 0.1, 0.1, 0.1], "texture": "#0"},
				"down": {"uv": [0.1, 0.1, 0.1, 0.1], "texture": "#0"}
			}
		},
		{
			"from": [4.80507, 10.1689, 4.03302],
			"to": [10.28064, 16.42666, 14.20189],
			"rotation": {"angle": 0, "axis": "y", "origin": [31.40063, 41.06666, 32.193]},
			"faces": {
				"north": {"uv": [0.1, 0.1, 0.1, 0.1], "texture": "#0"},
				"east": {"uv": [0.1, 0.1, 0.1, 0.1], "texture": "#0"},
				"south": {"uv": [0.1, 0.1, 0.1, 0.1], "texture": "#0"},
				"west": {"uv": [0.1, 0.1, 0.1, 0.1], "texture": "#0"},
				"up": {"uv": [0.1, 0.1, 0.1, 0.1], "texture": "#0"},
				"down": {"uv": [0.1, 0.1, 0.1, 0.1], "texture": "#0"}
			}
		},
		{
			"from": [4.41398, 10.56, 4.03302],
			"to": [10.67173, 16.03556, 14.20189],
			"rotation": {"angle": 0, "axis": "y", "origin": [31.40063, 41.06666, 32.193]},
			"faces": {
				"north": {"uv": [0.1, 0.1, 0.1, 0.1], "texture": "#0"},
				"east": {"uv": [0.1, 0.1, 0.1, 0.1], "texture": "#0"},
				"south": {"uv": [0.1, 0.1, 0.1, 0.1], "texture": "#0"},
				"west": {"uv": [0.1, 0.1, 0.1, 0.1], "texture": "#0"},
				"up": {"uv": [0.1, 0.1, 0.1, 0.1], "texture": "#0"},
				"down": {"uv": [0.1, 0.1, 0.1, 0.1], "texture": "#0"}
			}
		},
		{
			"from": [4.02285, 11.34222, 4.03302],
			"to": [11.06286, 15.25333, 14.20189],
			"rotation": {"angle": 0, "axis": "y", "origin": [31.40063, 41.06666, 32.193]},
			"faces": {
				"north": {"uv": [0.1, 0.1, 0.1, 0.1], "texture": "#0"},
				"east": {"uv": [0.1, 0.1, 0.1, 0.1], "texture": "#0"},
				"south": {"uv": [0.1, 0.1, 0.1, 0.1], "texture": "#0"},
				"west": {"uv": [0.1, 0.1, 0.1, 0.1], "texture": "#0"},
				"up": {"uv": [0.1, 0.1, 0.1, 0.1], "texture": "#0"},
				"down": {"uv": [0.1, 0.1, 0.1, 0.1], "texture": "#0"}
			}
		},
		{
			"from": [3.63175, 12.12445, 4.03302],
			"to": [11.45396, 14.4711, 14.20189],
			"rotation": {"angle": 0, "axis": "y", "origin": [31.40063, 41.06666, 32.193]},
			"faces": {
				"north": {"uv": [0.1, 0.1, 0.1, 0.1], "texture": "#0"},
				"east": {"uv": [0.1, 0.1, 0.1, 0.1], "texture": "#0"},
				"south": {"uv": [0.1, 0.1, 0.1, 0.1], "texture": "#0"},
				"west": {"uv": [0.1, 0.1, 0.1, 0.1], "texture": "#0"},
				"up": {"uv": [0.1, 0.1, 0.1, 0.1], "texture": "#0"},
				"down": {"uv": [0.1, 0.1, 0.1, 0.1], "texture": "#0"}
			}
		},
		{
			"from": [3.24065, 11.73332, 4.42412],
			"to": [11.84509, 14.86223, 13.81079],
			"rotation": {"angle": 0, "axis": "y", "origin": [31.40063, 41.06666, 32.193]},
			"faces": {
				"north": {"uv": [0.1, 0.1, 0.1, 0.1], "texture": "#0"},
				"east": {"uv": [0.1, 0.1, 0.1, 0.1], "texture": "#0"},
				"south": {"uv": [0.1, 0.1, 0.1, 0.1], "texture": "#0"},
				"west": {"uv": [0.1, 0.1, 0.1, 0.1], "texture": "#0"},
				"up": {"uv": [0.1, 0.1, 0.1, 0.1], "texture": "#0"},
				"down": {"uv": [0.1, 0.1, 0.1, 0.1], "texture": "#0"}
			}
		},
		{
			"from": [3.63175, 10.95112, 4.42412],
			"to": [11.45396, 15.64446, 13.81079],
			"rotation": {"angle": 0, "axis": "y", "origin": [31.40063, 41.06666, 32.193]},
			"faces": {
				"north": {"uv": [0.1, 0.1, 0.1, 0.1], "texture": "#0"},
				"east": {"uv": [0.1, 0.1, 0.1, 0.1], "texture": "#0"},
				"south": {"uv": [0.1, 0.1, 0.1, 0.1], "texture": "#0"},
				"west": {"uv": [0.1, 0.1, 0.1, 0.1], "texture": "#0"},
				"up": {"uv": [0.1, 0.1, 0.1, 0.1], "texture": "#0"},
				"down": {"uv": [0.1, 0.1, 0.1, 0.1], "texture": "#0"}
			}
		},
		{
			"from": [4.02285, 10.56, 4.42412],
			"to": [11.06286, 16.03556, 13.81079],
			"rotation": {"angle": 0, "axis": "y", "origin": [31.40063, 41.06666, 32.193]},
			"faces": {
				"north": {"uv": [0.1, 0.1, 0.1, 0.1], "texture": "#0"},
				"east": {"uv": [0.1, 0.1, 0.1, 0.1], "texture": "#0"},
				"south": {"uv": [0.1, 0.1, 0.1, 0.1], "texture": "#0"},
				"west": {"uv": [0.1, 0.1, 0.1, 0.1], "texture": "#0"},
				"up": {"uv": [0.1, 0.1, 0.1, 0.1], "texture": "#0"},
				"down": {"uv": [0.1, 0.1, 0.1, 0.1], "texture": "#0"}
			}
		},
		{
			"from": [4.41398, 10.1689, 4.42412],
			"to": [10.67173, 16.42666, 13.81079],
			"rotation": {"angle": 0, "axis": "y", "origin": [31.40063, 41.06666, 32.193]},
			"faces": {
				"north": {"uv": [0.1, 0.1, 0.1, 0.1], "texture": "#0"},
				"east": {"uv": [0.1, 0.1, 0.1, 0.1], "texture": "#0"},
				"south": {"uv": [0.1, 0.1, 0.1, 0.1], "texture": "#0"},
				"west": {"uv": [0.1, 0.1, 0.1, 0.1], "texture": "#0"},
				"up": {"uv": [0.1, 0.1, 0.1, 0.1], "texture": "#0"},
				"down": {"uv": [0.1, 0.1, 0.1, 0.1], "texture": "#0"}
			}
		},
		{
			"from": [3.24065, 10.95112, 4.81525],
			"to": [11.84509, 15.64446, 13.41969],
			"rotation": {"angle": 0, "axis": "y", "origin": [30.6184, 41.06666, 31.8019]},
			"faces": {
				"north": {"uv": [0.1, 0.1, 0.1, 0.1], "texture": "#0"},
				"east": {"uv": [0.1, 0.1, 0.1, 0.1], "texture": "#0"},
				"south": {"uv": [0.1, 0.1, 0.1, 0.1], "texture": "#0"},
				"west": {"uv": [0.1, 0.1, 0.1, 0.1], "texture": "#0"},
				"up": {"uv": [0.1, 0.1, 0.1, 0.1], "texture": "#0"},
				"down": {"uv": [0.1, 0.1, 0.1, 0.1], "texture": "#0"}
			}
		},
		{
			"from": [3.63175, 10.56, 4.81525],
			"to": [11.45396, 16.03556, 13.41969],
			"rotation": {"angle": 0, "axis": "y", "origin": [30.6184, 41.06666, 31.8019]},
			"faces": {
				"north": {"uv": [0.1, 0.1, 0.1, 0.1], "texture": "#0"},
				"east": {"uv": [0.1, 0.1, 0.1, 0.1], "texture": "#0"},
				"south": {"uv": [0.1, 0.1, 0.1, 0.1], "texture": "#0"},
				"west": {"uv": [0.1, 0.1, 0.1, 0.1], "texture": "#0"},
				"up": {"uv": [0.1, 0.1, 0.1, 0.1], "texture": "#0"},
				"down": {"uv": [0.1, 0.1, 0.1, 0.1], "texture": "#0"}
			}
		},
		{
			"from": [3.24065, 10.56, 5.20635],
			"to": [11.84509, 16.03556, 13.02856],
			"rotation": {"angle": 0, "axis": "y", "origin": [30.6184, 41.06666, 31.8019]},
			"faces": {
				"north": {"uv": [0.1, 0.1, 0.1, 0.1], "texture": "#0"},
				"east": {"uv": [0.1, 0.1, 0.1, 0.1], "texture": "#0"},
				"south": {"uv": [0.1, 0.1, 0.1, 0.1], "texture": "#0"},
				"west": {"uv": [0.1, 0.1, 0.1, 0.1], "texture": "#0"},
				"up": {"uv": [0.1, 0.1, 0.1, 0.1], "texture": "#0"},
				"down": {"uv": [0.1, 0.1, 0.1, 0.1], "texture": "#0"}
			}
		}
	],
	"display": {
		"thirdperson_righthand": {
			"translation": [0.25, 0.5, -0.25],
			"scale": [0.5, 0.5, 0.5]
		},
		"thirdperson_lefthand": {
			"translation": [0.25, 0.5, -0.25],
			"scale": [0.5, 0.5, 0.5]
		},
		"firstperson_righthand": {
			"scale": [0.5, 0.5, 0.5]
		},
		"firstperson_lefthand": {
			"scale": [0.5, 0.5, 0.5]
		},
		"ground": {
			"translation": [0.25, -5.5, -0.5],
			"scale": [0.5, 0.5, 0.5]
		},
		"gui": {
			"rotation": [30, 38, 0],
			"translation": [-0.25, -3.75, 0]
		},
		"head": {
			"translation": [0.5, 6, -2.25],
			"scale": [3, 3, 3]
		},
		"fixed": {
			"translation": [0.5, -4.5, 0]
		}
	},
	"groups": [
		{
			"name": "group",
			"origin": [16.12698, 13.33333, 16.63492],
			"color": 0,
			"children": [0, 1, 2, 3, 4, 5, 6, 7, 8, 9, 10, 11, 12, 13, 14, 15, 16, 17, 18, 19, 20, 21, 22, 23, 24, 25, 26, 27, 28, 29, 30,
				{
					"name": "group",
					"origin": [16.38095, 13.5873, 16.7619],
					"color": 0,
					"children": []
				}, 31, 32, 33, 34, 35, 36, 37, 38, 39, 40, 41, 42, 43, 44, 45, 46, 47, 48, 49, 50, 51, 52, 53, 54, 55, 56, 57, 58, 59, 60, 61, 62, 63, 64, 65, 66, 67, 68, 69, 70, 71, 72, 73, 74, 75, 76, 77, 78, 79, 80, 81, 82, 83, 84, 85, 86, 87, 88, 89, 90, 91, 92, 93,
				{
					"name": "group",
					"origin": [16.38095, 13.46032, 16.7619],
					"color": 0,
					"children": []
				}, 94, 95, 96, 97, 98, 99, 100, 101, 102, 103, 104, 105, 106, 107, 108, 109, 110, 111, 112, 113, 114, 115, 116, 117, 118, 119, 120, 121, 122, 123, 124, 125, 126, 127, 128, 129, 130, 131, 132, 133, 134]
		}
	]
}