{
	"credit": "Made with Blockbench",
	"textures": {
		"0": "block/anvil",
		"particle": "block/anvil"
	},
	"elements": [
		{
			"from": [7.63429, -1.09714, 6.96381],
			"to": [8.06095, -0.67048, 9.09714],
			"rotation": {"angle": -22.5, "axis": "y", "origin": [7.84762, -1.08191, 8.03048]},
			"faces": {
				"north": {"uv": [0, 0, 1, 1], "texture": "#0"},
				"east": {"uv": [0, 0, 1, 1], "texture": "#0"},
				"south": {"uv": [0, 0, 1, 1], "texture": "#0"},
				"west": {"uv": [0, 0, 1, 1], "texture": "#0"},
				"up": {"uv": [0, 0, 1, 1], "texture": "#0"},
				"down": {"uv": [0, 0, 1, 1], "texture": "#0"}
			}
		},
		{
			"from": [6.78095, -1.09714, 7.81714],
			"to": [8.91428, -0.67048, 8.24381],
			"rotation": {"angle": 45, "axis": "y", "origin": [7.84762, -1.08191, 8.03048]},
			"faces": {
				"north": {"uv": [0, 0, 1, 1], "texture": "#0"},
				"east": {"uv": [0, 0, 1, 1], "texture": "#0"},
				"south": {"uv": [0, 0, 1, 1], "texture": "#0"},
				"west": {"uv": [0, 0, 1, 1], "texture": "#0"},
				"up": {"uv": [0, 0, 1, 1], "texture": "#0"},
				"down": {"uv": [0, 0, 1, 1], "texture": "#0"}
			}
		},
		{
			"from": [6.78095, -1.09714, 7.81714],
			"to": [8.91428, -0.67048, 8.24381],
			"rotation": {"angle": 22.5, "axis": "y", "origin": [7.84762, -1.08191, 8.03048]},
			"faces": {
				"north": {"uv": [0, 0, 1, 1], "texture": "#0"},
				"east": {"uv": [0, 0, 1, 1], "texture": "#0"},
				"south": {"uv": [0, 0, 1, 1], "texture": "#0"},
				"west": {"uv": [0, 0, 1, 1], "texture": "#0"},
				"up": {"uv": [0, 0, 1, 1], "texture": "#0"},
				"down": {"uv": [0, 0, 1, 1], "texture": "#0"}
			}
		},
		{
			"from": [6.78095, -1.09714, 7.81714],
			"to": [8.91428, -0.67048, 8.24381],
			"rotation": {"angle": 0, "axis": "y", "origin": [7.84762, -1.08191, 8.03048]},
			"faces": {
				"north": {"uv": [0, 0, 1, 1], "texture": "#0"},
				"east": {"uv": [0, 0, 1, 1], "texture": "#0"},
				"south": {"uv": [0, 0, 1, 1], "texture": "#0"},
				"west": {"uv": [0, 0, 1, 1], "texture": "#0"},
				"up": {"uv": [0, 0, 1, 1], "texture": "#0"},
				"down": {"uv": [0, 0, 1, 1], "texture": "#0"}
			}
		},
		{
			"from": [7.63429, -1.09714, 6.96381],
			"to": [8.06095, -0.67048, 9.09714],
			"rotation": {"angle": 0, "axis": "y", "origin": [7.17714, 0.82286, 8]},
			"faces": {
				"north": {"uv": [0, 0, 1, 1], "texture": "#0"},
				"east": {"uv": [0, 0, 1, 1], "texture": "#0"},
				"south": {"uv": [0, 0, 1, 1], "texture": "#0"},
				"west": {"uv": [0, 0, 1, 1], "texture": "#0"},
				"up": {"uv": [0, 0, 1, 1], "texture": "#0"},
				"down": {"uv": [0, 0, 1, 1], "texture": "#0"}
			}
		},
		{
			"from": [7.63429, -1.09714, 6.96381],
			"to": [8.06095, -0.67048, 9.09714],
			"rotation": {"angle": 22.5, "axis": "y", "origin": [7.84762, -1.08191, 8.03048]},
			"faces": {
				"north": {"uv": [0, 0, 1, 1], "texture": "#0"},
				"east": {"uv": [0, 0, 1, 1], "texture": "#0"},
				"south": {"uv": [0, 0, 1, 1], "texture": "#0"},
				"west": {"uv": [0, 0, 1, 1], "texture": "#0"},
				"up": {"uv": [0, 0, 1, 1], "texture": "#0"},
				"down": {"uv": [0, 0, 1, 1], "texture": "#0"}
			}
		},
		{
			"from": [6.78095, -1.09714, 7.81714],
			"to": [8.91428, -0.67048, 8.24381],
			"rotation": {"angle": -22.5, "axis": "y", "origin": [7.84762, -1.08191, 8.03048]},
			"faces": {
				"north": {"uv": [0, 0, 1, 1], "texture": "#0"},
				"east": {"uv": [0, 0, 1, 1], "texture": "#0"},
				"south": {"uv": [0, 0, 1, 1], "texture": "#0"},
				"west": {"uv": [0, 0, 1, 1], "texture": "#0"},
				"up": {"uv": [0, 0, 1, 1], "texture": "#0"},
				"down": {"uv": [0, 0, 1, 1], "texture": "#0"}
			}
		},
		{
			"from": [7.63429, -1.09714, 6.96381],
			"to": [8.06095, -0.67048, 9.09714],
			"rotation": {"angle": 45, "axis": "y", "origin": [7.84762, -1.08191, 8.03048]},
			"faces": {
				"north": {"uv": [0, 0, 1, 1], "texture": "#0"},
				"east": {"uv": [0, 0, 1, 1], "texture": "#0"},
				"south": {"uv": [0, 0, 1, 1], "texture": "#0"},
				"west": {"uv": [0, 0, 1, 1], "texture": "#0"},
				"up": {"uv": [0, 0, 1, 1], "texture": "#0"},
				"down": {"uv": [0, 0, 1, 1], "texture": "#0"}
			}
		},
		{
			"from": [7.66919, -0.74763, 7.07816],
			"to": [8.05012, 6.58286, 8.9828],
			"rotation": {"angle": -22.5, "axis": "y", "origin": [7.85965, -0.73403, 8.03048]},
			"faces": {
				"north": {"uv": [7, 0, 8, 1], "texture": "#0"},
				"east": {"uv": [7, 0, 8, 1], "texture": "#0"},
				"south": {"uv": [7, 0, 8, 1], "texture": "#0"},
				"west": {"uv": [7, 0, 8, 1], "texture": "#0"},
				"up": {"uv": [7, 0, 8, 1], "texture": "#0"},
				"down": {"uv": [7, 0, 8, 1], "texture": "#0"}
			}
		},
		{
			"from": [6.90733, -0.74763, 7.84001],
			"to": [8.81197, 6.58286, 8.22094],
			"rotation": {"angle": 45, "axis": "y", "origin": [7.85965, -0.73403, 8.03048]},
			"faces": {
				"north": {"uv": [7, 0, 8, 1], "texture": "#0"},
				"east": {"uv": [7, 0, 8, 1], "texture": "#0"},
				"south": {"uv": [7, 0, 8, 1], "texture": "#0"},
				"west": {"uv": [7, 0, 8, 1], "texture": "#0"},
				"up": {"uv": [7, 0, 8, 1], "texture": "#0"},
				"down": {"uv": [7, 0, 8, 1], "texture": "#0"}
			}
		},
		{
			"from": [6.90733, -0.74763, 7.84001],
			"to": [8.81197, 6.58286, 8.22094],
			"rotation": {"angle": 22.5, "axis": "y", "origin": [7.85965, -0.73403, 8.03048]},
			"faces": {
				"north": {"uv": [7, 0, 8, 1], "texture": "#0"},
				"east": {"uv": [7, 0, 8, 1], "texture": "#0"},
				"south": {"uv": [7, 0, 8, 1], "texture": "#0"},
				"west": {"uv": [7, 0, 8, 1], "texture": "#0"},
				"up": {"uv": [7, 0, 8, 1], "texture": "#0"},
				"down": {"uv": [7, 0, 8, 1], "texture": "#0"}
			}
		},
		{
			"from": [6.90733, -0.74763, 7.84001],
			"to": [8.81197, 6.58286, 8.22094],
			"rotation": {"angle": 0, "axis": "y", "origin": [7.85965, -0.73403, 8.03048]},
			"faces": {
				"north": {"uv": [7, 0, 8, 1], "texture": "#0"},
				"east": {"uv": [7, 0, 8, 1], "texture": "#0"},
				"south": {"uv": [7, 0, 8, 1], "texture": "#0"},
				"west": {"uv": [7, 0, 8, 1], "texture": "#0"},
				"up": {"uv": [7, 0, 8, 1], "texture": "#0"},
				"down": {"uv": [7, 0, 8, 1], "texture": "#0"}
			}
		},
		{
			"from": [7.66919, -0.74763, 7.07816],
			"to": [8.05012, 6.58286, 8.9828],
			"rotation": {"angle": 0, "axis": "y", "origin": [7.26105, 0.96654, 8.00327]},
			"faces": {
				"north": {"uv": [7, 0, 8, 1], "texture": "#0"},
				"east": {"uv": [7, 0, 8, 1], "texture": "#0"},
				"south": {"uv": [7, 0, 8, 1], "texture": "#0"},
				"west": {"uv": [7, 0, 8, 1], "texture": "#0"},
				"up": {"uv": [7, 0, 8, 1], "texture": "#0"},
				"down": {"uv": [7, 0, 8, 1], "texture": "#0"}
			}
		},
		{
			"from": [7.66919, -0.74763, 7.07816],
			"to": [8.05012, 6.58286, 8.9828],
			"rotation": {"angle": 22.5, "axis": "y", "origin": [7.85965, -0.73403, 8.03048]},
			"faces": {
				"north": {"uv": [7, 0, 8, 1], "texture": "#0"},
				"east": {"uv": [7, 0, 8, 1], "texture": "#0"},
				"south": {"uv": [7, 0, 8, 1], "texture": "#0"},
				"west": {"uv": [7, 0, 8, 1], "texture": "#0"},
				"up": {"uv": [7, 0, 8, 1], "texture": "#0"},
				"down": {"uv": [7, 0, 8, 1], "texture": "#0"}
			}
		},
		{
			"from": [6.90733, -0.74763, 7.84001],
			"to": [8.81197, 6.58286, 8.22094],
			"rotation": {"angle": -22.5, "axis": "y", "origin": [7.85965, -0.73403, 8.03048]},
			"faces": {
				"north": {"uv": [7, 0, 8, 1], "texture": "#0"},
				"east": {"uv": [7, 0, 8, 1], "texture": "#0"},
				"south": {"uv": [7, 0, 8, 1], "texture": "#0"},
				"west": {"uv": [7, 0, 8, 1], "texture": "#0"},
				"up": {"uv": [7, 0, 8, 1], "texture": "#0"},
				"down": {"uv": [7, 0, 8, 1], "texture": "#0"}
			}
		},
		{
			"from": [7.66919, -0.74763, 7.07816],
			"to": [8.05012, 6.58286, 8.9828],
			"rotation": {"angle": 45, "axis": "y", "origin": [7.85965, -0.73403, 8.03048]},
			"faces": {
				"north": {"uv": [7, 0, 8, 1], "texture": "#0"},
				"east": {"uv": [7, 0, 8, 1], "texture": "#0"},
				"south": {"uv": [7, 0, 8, 1], "texture": "#0"},
				"west": {"uv": [7, 0, 8, 1], "texture": "#0"},
				"up": {"uv": [7, 0, 8, 1], "texture": "#0"},
				"down": {"uv": [7, 0, 8, 1], "texture": "#0"}
			}
		},
		{
			"from": [7.63429, 6.2781, 6.96381],
			"to": [8.06095, 6.70476, 9.09714],
			"rotation": {"angle": -22.5, "axis": "y", "origin": [7.84762, 6.29333, 8.03048]},
			"faces": {
				"north": {"uv": [0, 0, 1, 1], "texture": "#0"},
				"east": {"uv": [0, 0, 1, 1], "texture": "#0"},
				"south": {"uv": [0, 0, 1, 1], "texture": "#0"},
				"west": {"uv": [0, 0, 1, 1], "texture": "#0"},
				"up": {"uv": [0, 0, 1, 1], "texture": "#0"},
				"down": {"uv": [0, 0, 1, 1], "texture": "#0"}
			}
		},
		{
			"from": [6.78095, 6.2781, 7.81714],
			"to": [8.91428, 6.70476, 8.24381],
			"rotation": {"angle": 45, "axis": "y", "origin": [7.84762, 6.29333, 8.03048]},
			"faces": {
				"north": {"uv": [0, 0, 1, 1], "texture": "#0"},
				"east": {"uv": [0, 0, 1, 1], "texture": "#0"},
				"south": {"uv": [0, 0, 1, 1], "texture": "#0"},
				"west": {"uv": [0, 0, 1, 1], "texture": "#0"},
				"up": {"uv": [0, 0, 1, 1], "texture": "#0"},
				"down": {"uv": [0, 0, 1, 1], "texture": "#0"}
			}
		},
		{
			"from": [6.78095, 6.2781, 7.81714],
			"to": [8.91428, 6.70476, 8.24381],
			"rotation": {"angle": 22.5, "axis": "y", "origin": [7.84762, 6.29333, 8.03048]},
			"faces": {
				"north": {"uv": [0, 0, 1, 1], "texture": "#0"},
				"east": {"uv": [0, 0, 1, 1], "texture": "#0"},
				"south": {"uv": [0, 0, 1, 1], "texture": "#0"},
				"west": {"uv": [0, 0, 1, 1], "texture": "#0"},
				"up": {"uv": [0, 0, 1, 1], "texture": "#0"},
				"down": {"uv": [0, 0, 1, 1], "texture": "#0"}
			}
		},
		{
			"from": [6.78095, 6.2781, 7.81714],
			"to": [8.91428, 6.70476, 8.24381],
			"rotation": {"angle": 0, "axis": "y", "origin": [7.84762, 6.29333, 8.03048]},
			"faces": {
				"north": {"uv": [0, 0, 1, 1], "texture": "#0"},
				"east": {"uv": [0, 0, 1, 1], "texture": "#0"},
				"south": {"uv": [0, 0, 1, 1], "texture": "#0"},
				"west": {"uv": [0, 0, 1, 1], "texture": "#0"},
				"up": {"uv": [0, 0, 1, 1], "texture": "#0"},
				"down": {"uv": [0, 0, 1, 1], "texture": "#0"}
			}
		},
		{
			"from": [7.11619, 6.2781, 7.81714],
			"to": [7.4819, 7.10095, 8.24381],
			"rotation": {"angle": 0, "axis": "y", "origin": [7.84762, 6.29333, 8.03048]},
			"faces": {
				"north": {"uv": [0, 0, 1, 1], "texture": "#0"},
				"east": {"uv": [0, 0, 1, 1], "texture": "#0"},
				"south": {"uv": [0, 0, 1, 1], "texture": "#0"},
				"west": {"uv": [0, 0, 1, 1], "texture": "#0"},
				"up": {"uv": [0, 0, 1, 1], "texture": "#0"},
				"down": {"uv": [0, 0, 1, 1], "texture": "#0"}
			}
		},
		{
			"from": [7.18264, 6.96973, 7.81714],
			"to": [8.53211, 7.27025, 8.24381],
			"rotation": {"angle": 0, "axis": "y", "origin": [7.84762, 6.29333, 8.03048]},
			"faces": {
				"north": {"uv": [0, 0, 1, 1], "texture": "#0"},
				"east": {"uv": [0, 0, 1, 1], "texture": "#0"},
				"south": {"uv": [0, 0, 1, 1], "texture": "#0"},
				"west": {"uv": [0, 0, 1, 1], "texture": "#0"},
				"up": {"uv": [0, 0, 1, 1], "texture": "#0"},
				"down": {"uv": [0, 0, 1, 1], "texture": "#0"}
			}
		},
		{
			"from": [8.27429, 6.2781, 7.81714],
			"to": [8.60952, 7.10095, 8.24381],
			"rotation": {"angle": 0, "axis": "y", "origin": [7.84762, 6.29333, 8.03048]},
			"faces": {
				"north": {"uv": [0, 0, 1, 1], "texture": "#0"},
				"east": {"uv": [0, 0, 1, 1], "texture": "#0"},
				"south": {"uv": [0, 0, 1, 1], "texture": "#0"},
				"west": {"uv": [0, 0, 1, 1], "texture": "#0"},
				"up": {"uv": [0, 0, 1, 1], "texture": "#0"},
				"down": {"uv": [0, 0, 1, 1], "texture": "#0"}
			}
		},
		{
			"from": [7.63429, 6.2781, 6.96381],
			"to": [8.06095, 6.70476, 9.09714],
			"rotation": {"angle": 0, "axis": "y", "origin": [7.17714, 8.1981, 8]},
			"faces": {
				"north": {"uv": [0, 0, 1, 1], "texture": "#0"},
				"east": {"uv": [0, 0, 1, 1], "texture": "#0"},
				"south": {"uv": [0, 0, 1, 1], "texture": "#0"},
				"west": {"uv": [0, 0, 1, 1], "texture": "#0"},
				"up": {"uv": [0, 0, 1, 1], "texture": "#0"},
				"down": {"uv": [0, 0, 1, 1], "texture": "#0"}
			}
		},
		{
			"from": [7.63429, 6.2781, 6.96381],
			"to": [8.06095, 6.70476, 9.09714],
			"rotation": {"angle": 22.5, "axis": "y", "origin": [7.84762, 6.29333, 8.03048]},
			"faces": {
				"north": {"uv": [0, 0, 1, 1], "texture": "#0"},
				"east": {"uv": [0, 0, 1, 1], "texture": "#0"},
				"south": {"uv": [0, 0, 1, 1], "texture": "#0"},
				"west": {"uv": [0, 0, 1, 1], "texture": "#0"},
				"up": {"uv": [0, 0, 1, 1], "texture": "#0"},
				"down": {"uv": [0, 0, 1, 1], "texture": "#0"}
			}
		},
		{
			"from": [6.78095, 6.2781, 7.81714],
			"to": [8.91428, 6.70476, 8.24381],
			"rotation": {"angle": -22.5, "axis": "y", "origin": [7.84762, 6.29333, 8.03048]},
			"faces": {
				"north": {"uv": [0, 0, 1, 1], "texture": "#0"},
				"east": {"uv": [0, 0, 1, 1], "texture": "#0"},
				"south": {"uv": [0, 0, 1, 1], "texture": "#0"},
				"west": {"uv": [0, 0, 1, 1], "texture": "#0"},
				"up": {"uv": [0, 0, 1, 1], "texture": "#0"},
				"down": {"uv": [0, 0, 1, 1], "texture": "#0"}
			}
		},
		{
			"from": [7.63429, 6.2781, 6.96381],
			"to": [8.06095, 6.70476, 9.09714],
			"rotation": {"angle": 45, "axis": "y", "origin": [7.84762, 6.29333, 8.03048]},
			"faces": {
				"north": {"uv": [0, 0, 1, 1], "texture": "#0"},
				"east": {"uv": [0, 0, 1, 1], "texture": "#0"},
				"south": {"uv": [0, 0, 1, 1], "texture": "#0"},
				"west": {"uv": [0, 0, 1, 1], "texture": "#0"},
				"up": {"uv": [0, 0, 1, 1], "texture": "#0"},
				"down": {"uv": [0, 0, 1, 1], "texture": "#0"}
			}
		}
	],
	"gui_light": "front",
	"display": {
		"thirdperson_righthand": {
			"translation": [-0.25, 3.25, 1.5]
		},
		"thirdperson_lefthand": {
			"translation": [-0.75, 3.25, 1.5]
		},
		"firstperson_righthand": {
			"rotation": [-45, -43, -4],
			"translation": [0, 7.5, 0]
		},
		"firstperson_lefthand": {
			"rotation": [-45, -39, -4],
			"translation": [0, 7.5, 0]
		},
		"ground": {
			"translation": [1, 5, -1]
		},
		"gui": {
			"rotation": [11, 38, 0],
			"translation": [3.25, -1.5, 0],
			"scale": [0.6, 0.6, 0.6]
		},
		"head": {
			"translation": [0.5, -35.75, -2.25],
			"scale": [2, 2, 2]
		},
		"fixed": {
			"rotation": [0, -85, 0],
			"translation": [-25.25, 15.75, -15.75],
			"scale": [4, 4, 4]
		}
	},
	"groups": [
		{
			"name": "group",
			"origin": [10.79365, 0.06349, 8.12698],
			"children": [0, 1, 2, 3, 4, 5, 6, 7]
		},
		{
			"name": "group",
			"origin": [10.79365, 0.06349, 8.12698],
			"children": [8, 9, 10, 11, 12, 13, 14, 15]
		},
		{
			"name": "group",
			"origin": [10.79365, 0.06349, 8.12698],
			"children": [16, 17, 18, 19, 20, 21, 22, 23, 24, 25, 26]
		}
	]
}