{
	"credit": "Made with Blockbench",
	"textures": {
		"1": "block/black_concrete",
		"2": "block/iron_block",
		"3": "block/njhs",
		"4": "block/gray",
		"5": "block/njrh",
		"6": "block/gray_concrete",
		"7": "block/njb",
		"8": "block/black_wool",
		"particle": "block/njhs"
	},
	"elements": [
		{
			"from": [7.87868, 6.87868, 9],
			"to": [13.87868, 10.87868, 13],
			"rotation": {"angle": 0, "axis": "z", "origin": [11.87868, 14.87868, 19]},
			"faces": {
				"north": {"uv": [0, 0, 4, 6], "rotation": 270, "texture": "#1"},
				"east": {"uv": [0, 0, 4, 4], "rotation": 270, "texture": "#1"},
				"south": {"uv": [0, 0, 4, 6], "rotation": 270, "texture": "#1"},
				"west": {"uv": [0, 0, 4, 4], "rotation": 90, "texture": "#1"},
				"up": {"uv": [0, 0, 6, 4], "rotation": 180, "texture": "#1"},
				"down": {"uv": [0, 0, 6, 4], "texture": "#1"}
			}
		},
		{
			"from": [12, 9, 9],
			"to": [16, 14, 13],
			"rotation": {"angle": 0, "axis": "x", "origin": [0, 0, -3]},
			"faces": {
				"north": {"uv": [0, 0, 4, 5], "rotation": 180, "texture": "#1"},
				"east": {"uv": [0, 0, 5, 4], "rotation": 270, "texture": "#1"},
				"south": {"uv": [0, 0, 4, 5], "texture": "#1"},
				"west": {"uv": [0, 0, 5, 4], "rotation": 90, "texture": "#1"},
				"up": {"uv": [0, 0, 4, 4], "rotation": 180, "texture": "#1"},
				"down": {"uv": [0, 0, 4, 4], "texture": "#1"}
			}
		},
		{
			"from": [0, 2, 9],
			"to": [4, 15, 13],
			"rotation": {"angle": 0, "axis": "y", "origin": [0, 0, -3]},
			"faces": {
				"north": {"uv": [0, 0, 4, 13], "rotation": 180, "texture": "#1"},
				"east": {"uv": [0, 0, 13, 4], "rotation": 270, "texture": "#1"},
				"south": {"uv": [0, 0, 4, 13], "texture": "#1"},
				"west": {"uv": [0, 0, 13, 4], "rotation": 90, "texture": "#1"},
				"up": {"uv": [0, 0, 4, 4], "rotation": 180, "texture": "#1"},
				"down": {"uv": [0, 0, 4, 4], "texture": "#1"}
			}
		},
		{
			"from": [4, 8, 2],
			"to": [12, 12, 14],
			"rotation": {"angle": -45, "axis": "x", "origin": [8, 10, 6]},
			"faces": {
				"north": {"uv": [0, 0, 8, 4], "rotation": 180, "texture": "#1"},
				"east": {"uv": [8, 0, 12, 7], "rotation": 270, "texture": "#7"},
				"south": {"uv": [0, 0, 8, 4], "texture": "#1"},
				"west": {"uv": [8, 0, 12, 7], "rotation": 90, "texture": "#7"},
				"up": {"uv": [0, 0, 8, 12], "rotation": 180, "texture": "#7"},
				"down": {"uv": [0, 0, 8, 12], "texture": "#1"}
			}
		},
		{
			"from": [4, 12, 11.6],
			"to": [12, 20, 19.6],
			"rotation": {"angle": 0, "axis": "x", "origin": [8, 18, 13]},
			"faces": {
				"north": {"uv": [0, 0, 8, 8], "rotation": 180, "texture": "#1"},
				"east": {"uv": [0, 0, 16, 16], "rotation": 270, "texture": "#3"},
				"south": {"uv": [0, 0, 16, 16], "texture": "#4"},
				"west": {"uv": [0, 0, 16, 16], "rotation": 90, "texture": "#3"},
				"up": {"uv": [0, 0, 16, 16], "rotation": 180, "texture": "#3"},
				"down": {"uv": [0, 0, 8, 8], "texture": "#1"}
			}
		},
		{
			"from": [4, 2.1, 1.7],
			"to": [8, 6.1, 7.7],
			"rotation": {"angle": 0, "axis": "y", "origin": [0, 0, -3]},
			"faces": {
				"north": {"uv": [0, 0, 4, 4], "texture": "#8"},
				"east": {"uv": [0, 0, 6, 4], "texture": "#8"},
				"south": {"uv": [0, 0, 4, 4], "texture": "#8"},
				"west": {"uv": [0, 0, 6, 4], "texture": "#8"},
				"up": {"uv": [0, 0, 4, 6], "texture": "#8"},
				"down": {"uv": [0, 0, 4, 6], "texture": "#8"}
			}
		},
		{
			"from": [4.2, 2.71283, 5.34149],
			"to": [7.8, 7.71283, 9.34149],
			"rotation": {"angle": -45, "axis": "x", "origin": [6, 5.31283, 5.84149]},
			"faces": {
				"north": {"uv": [0, 0, 3.6, 5], "rotation": 180, "texture": "#8"},
				"east": {"uv": [0, 0, 5, 4], "rotation": 270, "texture": "#8"},
				"south": {"uv": [0, 0, 3.6, 5], "texture": "#8"},
				"west": {"uv": [0, 0, 5, 4], "rotation": 90, "texture": "#8"},
				"up": {"uv": [0, 0, 3.6, 4], "rotation": 180, "texture": "#8"},
				"down": {"uv": [0, 0, 3.6, 4], "texture": "#8"}
			}
		},
		{
			"from": [8, 5.75736, 3.17157],
			"to": [11.9, 9.75736, 8.17157],
			"rotation": {"angle": 0, "axis": "x", "origin": [10, 4.75736, 6.17157]},
			"faces": {
				"north": {"uv": [0, 0, 3.9, 4], "texture": "#8"},
				"east": {"uv": [0, 0, 5, 4], "texture": "#8"},
				"south": {"uv": [0, 0, 3.9, 4], "texture": "#8"},
				"west": {"uv": [0, 0, 5, 4], "texture": "#8"},
				"up": {"uv": [0, 0, 3.9, 5], "texture": "#8"},
				"down": {"uv": [0, 0, 3.9, 5], "texture": "#8"}
			}
		},
		{
			"from": [8, 2, 6],
			"to": [11.8, 8, 10],
			"rotation": {"angle": 0, "axis": "x", "origin": [10, 3, 3]},
			"faces": {
				"north": {"uv": [0, 0, 3.8, 6], "rotation": 180, "texture": "#8"},
				"east": {"uv": [0, 0, 6, 4], "rotation": 90, "texture": "#8"},
				"south": {"uv": [0, 0, 3.8, 6], "texture": "#8"},
				"west": {"uv": [0, 0, 6, 4], "rotation": 270, "texture": "#8"},
				"up": {"uv": [0, 0, 3.8, 4], "texture": "#8"},
				"down": {"uv": [0, 0, 3.8, 4], "rotation": 180, "texture": "#8"}
			}
		},
		{
			"from": [12.37868, 7.5, 9],
			"to": [15.37868, 10.5, 13],
			"rotation": {"angle": 45, "axis": "z", "origin": [13.87868, 9, 11]},
			"faces": {
				"north": {"uv": [0, 0, 3, 3], "texture": "#1"},
				"east": {"uv": [0, 0, 4, 3], "texture": "#1"},
				"south": {"uv": [0, 0, 3, 3], "texture": "#1"},
				"west": {"uv": [0, 0, 4, 3], "texture": "#1"},
				"up": {"uv": [0, 0, 3, 4], "texture": "#1"},
				"down": {"uv": [0, 0, 3, 4], "texture": "#1"}
			}
		},
		{
			"from": [8, 8.34315, 6.75736],
			"to": [11.7, 10.34315, 9.75736],
			"rotation": {"angle": 45, "axis": "x", "origin": [8, 8.34315, 6.75736]},
			"faces": {
				"north": {"uv": [0, 0, 3.7, 2], "texture": "#8"},
				"east": {"uv": [0, 0, 3, 2], "texture": "#8"},
				"south": {"uv": [0, 0, 3.7, 2], "texture": "#8"},
				"west": {"uv": [0, 0, 3, 2], "texture": "#8"},
				"up": {"uv": [0, 0, 3.7, 3], "texture": "#8"},
				"down": {"uv": [0, 0, 3.7, 3], "texture": "#8"}
			}
		},
		{
			"from": [12.1, 12, 8.5],
			"to": [16.5, 15, 13.5],
			"rotation": {"angle": 0, "axis": "y", "origin": [4, 14, -3]},
			"faces": {
				"north": {"uv": [1, 0, 16, 16], "texture": "#2"},
				"east": {"uv": [1, 0, 15, 16], "texture": "#2"},
				"south": {"uv": [0, 0, 15, 16], "texture": "#2"},
				"west": {"uv": [0, 0, 5, 3], "texture": "#2"},
				"up": {"uv": [0, 0, 15, 16], "texture": "#2"},
				"down": {"uv": [0, 0, 4.5, 5], "texture": "#2"}
			}
		},
		{
			"from": [12.1, 10.5, 8.7],
			"to": [16.3, 13, 13.3],
			"rotation": {"angle": 0, "axis": "y", "origin": [4, 14, -3]},
			"faces": {
				"north": {"uv": [1, 0, 16, 16], "texture": "#2"},
				"east": {"uv": [1, 0, 15, 16], "texture": "#2"},
				"south": {"uv": [0, 0, 15, 16], "texture": "#2"},
				"west": {"uv": [0, 0, 4.6, 2.5], "texture": "#2"},
				"up": {"uv": [0, 0, 4.3, 4.6], "texture": "#2"},
				"down": {"uv": [0, 0, 4.3, 4.6], "texture": "#2"}
			}
		},
		{
			"from": [12.1, 9, 8.9],
			"to": [16.1, 12, 13.1],
			"rotation": {"angle": 0, "axis": "y", "origin": [4, 14, -3]},
			"faces": {
				"north": {"uv": [1, 0, 16, 16], "texture": "#2"},
				"east": {"uv": [1, 0, 15, 16], "texture": "#2"},
				"south": {"uv": [0, 0, 15, 16], "texture": "#2"},
				"west": {"uv": [0, 0, 4.2, 3], "texture": "#2"},
				"up": {"uv": [0, 0, 4.1, 4.2], "texture": "#2"},
				"down": {"uv": [0, 0, 4.1, 4.2], "texture": "#2"}
			}
		},
		{
			"from": [11.9, 14.4, 7.8],
			"to": [17.4, 14.6, 14.2],
			"rotation": {"angle": 22.5, "axis": "z", "origin": [15.5, 14.1, 11]},
			"faces": {
				"north": {"uv": [0, 0, 5.5, 0.2], "texture": "#2"},
				"east": {"uv": [0, 0, 6.4, 0.2], "texture": "#2"},
				"south": {"uv": [0, 0, 5.5, 0.2], "texture": "#2"},
				"west": {"uv": [0, 0, 6.4, 0.2], "texture": "#2"},
				"up": {"uv": [1, 0, 16, 16], "texture": "#2"},
				"down": {"uv": [0, 0, 5.5, 6.4], "texture": "#2"}
			}
		},
		{
			"from": [-0.3, 9, 8.7],
			"to": [4, 15.2, 8.9],
			"faces": {
				"north": {"uv": [2, 0, 15, 15], "texture": "#5"},
				"east": {"uv": [0, 0, 0.2, 6.2], "texture": "#6"},
				"south": {"uv": [0, 0, 4.3, 6.2], "texture": "#6"},
				"west": {"uv": [0, 0, 0.2, 6.2], "texture": "#6"},
				"up": {"uv": [0, 0, 4.3, 0.2], "texture": "#6"},
				"down": {"uv": [0, 0, 4.3, 0.2], "texture": "#6"}
			}
		},
		{
			"from": [-0.3, 9, 13.1],
			"to": [4, 15.2, 13.3],
			"faces": {
				"north": {"uv": [0, 0, 4.3, 6.2], "texture": "#6"},
				"east": {"uv": [0, 0, 0.2, 6.2], "texture": "#6"},
				"south": {"uv": [0, 0, 13, 15], "texture": "#5"},
				"west": {"uv": [0, 0, 0.2, 6.2], "texture": "#6"},
				"up": {"uv": [0, 0, 4.3, 0.2], "texture": "#6"},
				"down": {"uv": [0, 0, 4.3, 0.2], "texture": "#6"}
			}
		},
		{
			"from": [-0.3, 15, 8.7],
			"to": [4, 15.2, 13.3],
			"rotation": {"angle": 0, "axis": "x", "origin": [1.85, 13.6, 13.2]},
			"faces": {
				"north": {"uv": [0, 0, 4.3, 0.2], "rotation": 180, "texture": "#6"},
				"east": {"uv": [0, 0, 0.2, 4.6], "rotation": 270, "texture": "#6"},
				"south": {"uv": [0, 0, 4.3, 0.2], "texture": "#6"},
				"west": {"uv": [0, 0, 0.2, 4.6], "rotation": 90, "texture": "#6"},
				"up": {"uv": [2, 0, 15, 16], "rotation": 180, "texture": "#5"},
				"down": {"uv": [0, 0, 4.3, 4.6], "texture": "#6"}
			}
		}
	],
	"display": {
		"thirdperson_righthand": {
			"translation": [6, 4, 8]
		},
		"gui": {
			"rotation": [0, 27, 0],
			"translation": [-1, -2.25, 0],
			"scale": [0.9, 0.84, 0.84]
		},
		"head": {
			"rotation": [0, -180, 0],
			"translation": [0, -33.5, -0.5],
			"scale": [1.61, 1.61, 1.61]
		},
		"fixed": {
			"rotation": [0, -90, 0],
			"translation": [1.5, -1.5, 0]
		}
	}
}