{
	"credit": "Made with Blockbench",
	"textures": {
		"0": "block/copper_block",
		"particle": "block/copper_block"
	},
	"elements": [
		{
			"from": [7, 3, 7],
			"to": [9, 17, 8],
			"faces": {
				"north": {"uv": [8, 8, 9, 9], "texture": "#0"},
				"east": {"uv": [0, 0, 1, 14], "texture": "#0"},
				"south": {"uv": [8, 8, 9, 9], "texture": "#0"},
				"west": {"uv": [0, 0, 1, 14], "texture": "#0"},
				"up": {"uv": [0, 0, 2, 1], "texture": "#0"},
				"down": {"uv": [0, 0, 2, 1], "texture": "#0"}
			}
		},
		{
			"from": [6.41551, 11.88374, 7],
			"to": [8.41551, 16.88374, 8],
			"rotation": {"angle": 22.5, "axis": "z", "origin": [7.41551, 13.38374, 7.5]},
			"faces": {
				"north": {"uv": [8, 8, 9, 9], "texture": "#0"},
				"east": {"uv": [0, 0, 1, 5], "texture": "#0"},
				"south": {"uv": [8, 8, 9, 9], "texture": "#0"},
				"west": {"uv": [0, 0, 1, 5], "texture": "#0"},
				"up": {"uv": [0, 0, 2, 1], "texture": "#0"},
				"down": {"uv": [0, 0, 2, 1], "texture": "#0"}
			}
		},
		{
			"from": [4.9057, 2.58342, 7],
			"to": [6.9057, 7.58342, 8],
			"rotation": {"angle": 22.5, "axis": "z", "origin": [5.9057, 13.08342, 7.5]},
			"faces": {
				"north": {"uv": [8, 8, 9, 9], "texture": "#0"},
				"east": {"uv": [0, 0, 1, 5], "texture": "#0"},
				"south": {"uv": [8, 8, 9, 9], "texture": "#0"},
				"west": {"uv": [0, 0, 1, 5], "texture": "#0"},
				"up": {"uv": [0, 0, 2, 1], "texture": "#0"},
				"down": {"uv": [0, 0, 2, 1], "texture": "#0"}
			}
		},
		{
			"from": [9.11314, 13.56879, 7],
			"to": [11.11314, 18.56879, 8],
			"rotation": {"angle": -22.5, "axis": "z", "origin": [5.11314, 18.06879, 7.5]},
			"faces": {
				"north": {"uv": [8, 8, 9, 9], "texture": "#0"},
				"east": {"uv": [0, 0, 1, 5], "texture": "#0"},
				"south": {"uv": [8, 8, 9, 9], "texture": "#0"},
				"west": {"uv": [0, 0, 1, 5], "texture": "#0"},
				"up": {"uv": [0, 0, 2, 1], "texture": "#0"},
				"down": {"uv": [0, 0, 2, 1], "texture": "#0"}
			}
		},
		{
			"from": [15.90842, 12.45215, 7],
			"to": [18.90842, 17.45215, 8],
			"rotation": {"angle": -45, "axis": "z", "origin": [11.90842, 22.95215, 7.5]},
			"faces": {
				"north": {"uv": [8, 8, 9, 9], "texture": "#0"},
				"east": {"uv": [0, 0, 1, 5], "texture": "#0"},
				"south": {"uv": [8, 8, 9, 9], "texture": "#0"},
				"west": {"uv": [0, 0, 1, 5], "texture": "#0"},
				"up": {"uv": [0, 0, 3, 1], "texture": "#0"},
				"down": {"uv": [0, 0, 3, 1], "texture": "#0"}
			}
		},
		{
			"from": [4.79135, 9.08884, 7],
			"to": [9.79135, 12.08884, 8],
			"rotation": {"angle": 22.5, "axis": "z", "origin": [6.29135, 21.08884, 7.5]},
			"faces": {
				"north": {"uv": [8, 8, 9, 9], "rotation": 270, "texture": "#0"},
				"east": {"uv": [0, 0, 3, 1], "rotation": 90, "texture": "#0"},
				"south": {"uv": [8, 8, 9, 9], "rotation": 90, "texture": "#0"},
				"west": {"uv": [0, 0, 3, 1], "rotation": 90, "texture": "#0"},
				"up": {"uv": [0, 0, 1, 5], "rotation": 90, "texture": "#0"},
				"down": {"uv": [0, 0, 1, 5], "rotation": 90, "texture": "#0"}
			}
		},
		{
			"from": [8.27431, 9.4736, 7],
			"to": [13.27431, 12.4736, 8],
			"rotation": {"angle": -22.5, "axis": "z", "origin": [9.77431, 26.4736, 7.5]},
			"faces": {
				"north": {"uv": [8, 8, 9, 9], "rotation": 270, "texture": "#0"},
				"east": {"uv": [0, 0, 3, 1], "rotation": 90, "texture": "#0"},
				"south": {"uv": [8, 8, 9, 9], "rotation": 90, "texture": "#0"},
				"west": {"uv": [0, 0, 3, 1], "rotation": 90, "texture": "#0"},
				"up": {"uv": [0, 0, 1, 5], "rotation": 90, "texture": "#0"},
				"down": {"uv": [0, 0, 1, 5], "rotation": 90, "texture": "#0"}
			}
		},
		{
			"from": [15.4262, 9.37618, 7],
			"to": [20.4262, 12.37618, 8],
			"rotation": {"angle": -22.5, "axis": "z", "origin": [7.9262, 26.37618, 7.5]},
			"faces": {
				"north": {"uv": [8, 8, 9, 9], "rotation": 270, "texture": "#0"},
				"east": {"uv": [0, 0, 3, 1], "rotation": 90, "texture": "#0"},
				"south": {"uv": [8, 8, 9, 9], "rotation": 90, "texture": "#0"},
				"west": {"uv": [0, 0, 3, 1], "rotation": 90, "texture": "#0"},
				"up": {"uv": [0, 0, 1, 5], "rotation": 90, "texture": "#0"},
				"down": {"uv": [0, 0, 1, 5], "rotation": 90, "texture": "#0"}
			}
		},
		{
			"from": [-2.28443, 8.60873, 7],
			"to": [2.71557, 11.60873, 8],
			"rotation": {"angle": 22.5, "axis": "z", "origin": [7.21557, 20.60873, 7.5]},
			"faces": {
				"north": {"uv": [8, 8, 9, 9], "rotation": 270, "texture": "#0"},
				"east": {"uv": [0, 0, 3, 1], "rotation": 90, "texture": "#0"},
				"south": {"uv": [8, 8, 9, 9], "rotation": 90, "texture": "#0"},
				"west": {"uv": [0, 0, 3, 1], "rotation": 90, "texture": "#0"},
				"up": {"uv": [0, 0, 1, 5], "rotation": 90, "texture": "#0"},
				"down": {"uv": [0, 0, 1, 5], "rotation": 90, "texture": "#0"}
			}
		},
		{
			"from": [17.99108, 3.0037, 7],
			"to": [20.99108, 8.0037, 8],
			"rotation": {"angle": -45, "axis": "z", "origin": [13.99108, 22.5037, 7.5]},
			"faces": {
				"north": {"uv": [8, 8, 9, 9], "texture": "#0"},
				"east": {"uv": [0, 0, 1, 5], "texture": "#0"},
				"south": {"uv": [8, 8, 9, 9], "texture": "#0"},
				"west": {"uv": [0, 0, 1, 5], "texture": "#0"},
				"up": {"uv": [0, 0, 3, 1], "texture": "#0"},
				"down": {"uv": [0, 0, 3, 1], "texture": "#0"}
			}
		},
		{
			"from": [-1.79869, 9.29659, 7],
			"to": [1.20131, 14.29659, 8],
			"rotation": {"angle": 45, "axis": "z", "origin": [11.20131, 21.79659, 7.5]},
			"faces": {
				"north": {"uv": [8, 8, 9, 9], "texture": "#0"},
				"east": {"uv": [0, 0, 1, 5], "texture": "#0"},
				"south": {"uv": [8, 8, 9, 9], "texture": "#0"},
				"west": {"uv": [0, 0, 1, 5], "texture": "#0"},
				"up": {"uv": [0, 0, 3, 1], "texture": "#0"},
				"down": {"uv": [0, 0, 3, 1], "texture": "#0"}
			}
		},
		{
			"from": [0.28397, 18.74504, 7],
			"to": [3.28397, 23.74504, 8],
			"rotation": {"angle": 45, "axis": "z", "origin": [13.28397, 22.24504, 7.5]},
			"faces": {
				"north": {"uv": [8, 8, 9, 9], "texture": "#0"},
				"east": {"uv": [0, 0, 1, 5], "texture": "#0"},
				"south": {"uv": [8, 8, 9, 9], "texture": "#0"},
				"west": {"uv": [0, 0, 1, 5], "texture": "#0"},
				"up": {"uv": [0, 0, 3, 1], "texture": "#0"},
				"down": {"uv": [0, 0, 3, 1], "texture": "#0"}
			}
		},
		{
			"from": [10.24027, 4.34459, 7],
			"to": [12.24027, 9.34459, 8],
			"rotation": {"angle": -22.5, "axis": "z", "origin": [6.24027, 16.84459, 7.5]},
			"faces": {
				"north": {"uv": [8, 8, 9, 9], "texture": "#0"},
				"east": {"uv": [0, 0, 1, 5], "texture": "#0"},
				"south": {"uv": [8, 8, 9, 9], "texture": "#0"},
				"west": {"uv": [0, 0, 1, 5], "texture": "#0"},
				"up": {"uv": [0, 0, 2, 1], "texture": "#0"},
				"down": {"uv": [0, 0, 2, 1], "texture": "#0"}
			}
		},
		{
			"from": [1.91713, 8.64167, 7],
			"to": [14.11713, 11.34167, 8],
			"rotation": {"angle": 0, "axis": "y", "origin": [13.11713, 10.34167, 7]},
			"faces": {
				"north": {"uv": [8, 8, 9, 9], "texture": "#0"},
				"east": {"uv": [0, 0, 1, 2.7], "texture": "#0"},
				"south": {"uv": [8, 8, 9, 9], "texture": "#0"},
				"west": {"uv": [0, 0, 1, 2.7], "texture": "#0"},
				"up": {"uv": [0, 0, 12.2, 1], "texture": "#0"},
				"down": {"uv": [0, 0, 12.2, 1], "texture": "#0"}
			}
		},
		{
			"from": [7.5, 10, 8],
			"to": [8.5, 11, 11],
			"faces": {
				"north": {"uv": [0, 0, 1, 1], "texture": "#0"},
				"east": {"uv": [0, 0, 3, 1], "texture": "#0"},
				"south": {"uv": [0, 0, 1, 1], "texture": "#0"},
				"west": {"uv": [0, 0, 3, 1], "texture": "#0"},
				"up": {"uv": [0, 0, 1, 3], "texture": "#0"},
				"down": {"uv": [0, 0, 1, 3], "texture": "#0"}
			}
		},
		{
			"from": [8.5, 10, 10],
			"to": [12.5, 11, 11],
			"rotation": {"angle": 0, "axis": "y", "origin": [7.5, 2, 10]},
			"faces": {
				"north": {"uv": [0, 0, 4, 1], "texture": "#0"},
				"east": {"uv": [0, 0, 1, 1], "texture": "#0"},
				"south": {"uv": [0, 0, 4, 1], "texture": "#0"},
				"west": {"uv": [0, 0, 1, 1], "texture": "#0"},
				"up": {"uv": [0, 0, 4, 1], "texture": "#0"},
				"down": {"uv": [0, 0, 4, 1], "texture": "#0"}
			}
		}
	],
	"display": {
		"thirdperson_righthand": {
			"rotation": [100, 0, 0],
			"translation": [-4.5, 2.75, 3.25]
		},
		"thirdperson_lefthand": {
			"rotation": [100, 0, -180],
			"translation": [-4, 1.75, 6.5]
		},
		"firstperson_righthand": {
			"translation": [-3.75, -6.5, 0],
			"scale": [2, 2, 2]
		},
		"firstperson_lefthand": {
			"translation": [-3.75, -6.5, 0],
			"scale": [2, 2, 2]
		},
		"gui": {
			"rotation": [0, -180, 0],
			"translation": [0, -2, 0]
		},
		"head": {
			"rotation": [0, -180, -90],
			"translation": [1.75, -1.75, -4.25],
			"scale": [0.6, 0.67, 1]
		}
	}
}