{
	"credit": "Made with Blockbench,Made by EvilGod_Loki",
	"textures": {
		"0": "block/blue_concrete",
		"1": "block/black_concrete",
		"particle": "block/blue_concrete"
	},
	"elements": [
		{
			"from": [6.0718, 0.75736, 7.08],
			"to": [7.0718, 1.25736, 9.08],
			"rotation": {"angle": 45, "axis": "y", "origin": [8.5, 4.55442, 8.066]},
			"faces": {
				"north": {"uv": [0, 0, 1, 0.5], "texture": "#1"},
				"east": {"uv": [0, 0, 1, 0.5], "texture": "#1"},
				"south": {"uv": [0, 0, 1, 0.5], "texture": "#1"},
				"west": {"uv": [0, 0, 1, 0.5], "texture": "#1"},
				"up": {"uv": [0, 0, 1, 0.5], "texture": "#1"},
				"down": {"uv": [0, 0, 1, 0.5], "texture": "#0"}
			}
		},
		{
			"from": [7.48601, 0.75736, 9.49421],
			"to": [9.48601, 1.25736, 10.49421],
			"rotation": {"angle": 45, "axis": "y", "origin": [8.5, 4.55442, 8.066]},
			"faces": {
				"north": {"uv": [0, 0, 2, 0.5], "texture": "#1"},
				"east": {"uv": [0, 0, 2, 0.5], "texture": "#1"},
				"south": {"uv": [0, 0, 2, 0.5], "texture": "#1"},
				"west": {"uv": [0, 0, 2, 0.5], "texture": "#1"},
				"up": {"uv": [0, 0, 2, 0.5], "texture": "#1"},
				"down": {"uv": [0, 0, 2, 0.5], "texture": "#0"}
			}
		},
		{
			"from": [9.90022, 0.75736, 7.08],
			"to": [10.90022, 1.25736, 9.08],
			"rotation": {"angle": 45, "axis": "y", "origin": [8.5, 4.55442, 8.066]},
			"faces": {
				"north": {"uv": [0, 0, 1, 0.5], "texture": "#1"},
				"east": {"uv": [0, 0, 1, 0.5], "texture": "#1"},
				"south": {"uv": [0, 0, 1, 0.5], "texture": "#1"},
				"west": {"uv": [0, 0, 1, 0.5], "texture": "#1"},
				"up": {"uv": [0, 0, 1, 0.5], "texture": "#1"},
				"down": {"uv": [0, 0, 1, 0.5], "texture": "#0"}
			}
		},
		{
			"from": [7.48601, 0.75736, 5.66578],
			"to": [9.48601, 1.25736, 6.66578],
			"rotation": {"angle": 45, "axis": "y", "origin": [8.5, 4.55442, 8.066]},
			"faces": {
				"north": {"uv": [0, 0, 2, 0.5], "texture": "#1"},
				"east": {"uv": [0, 0, 2, 0.5], "texture": "#1"},
				"south": {"uv": [0, 0, 2, 0.5], "texture": "#1"},
				"west": {"uv": [0, 0, 2, 0.5], "texture": "#1"},
				"up": {"uv": [0, 0, 2, 0.5], "texture": "#1"},
				"down": {"uv": [0, 0, 2, 0.5], "texture": "#0"}
			}
		},
		{
			"from": [8.27737, 0.12251, 7.08579],
			"to": [9.27737, 0.62251, 9.08579],
			"rotation": {"angle": 22.5, "axis": "z", "origin": [8.5, 4.55442, 8.066]},
			"faces": {
				"north": {"uv": [0, 0, 1, 0.5], "texture": "#0"},
				"east": {"uv": [0, 0, 1, 0.5], "texture": "#1"},
				"south": {"uv": [0, 0, 1, 0.5], "texture": "#0"},
				"west": {"uv": [0, 0, 1, 0.5], "texture": "#0"},
				"up": {"uv": [0, 0, 1, 0.5], "texture": "#1"},
				"down": {"uv": [0, 0, 1, 0.5], "texture": "#0"}
			}
		},
		{
			"from": [7.5, 0.13008, 7.30691],
			"to": [9.5, 0.63008, 8.30691],
			"rotation": {"angle": 22.5, "axis": "x", "origin": [8.5, 4.55442, 8.066]},
			"faces": {
				"north": {"uv": [0, 0, 2, 0.5], "texture": "#1"},
				"east": {"uv": [0, 0, 2, 0.5], "texture": "#0"},
				"south": {"uv": [0, 0, 2, 0.5], "texture": "#0"},
				"west": {"uv": [0, 0, 2, 0.5], "texture": "#0"},
				"up": {"uv": [0, 0, 2, 0.5], "texture": "#1"},
				"down": {"uv": [0, 0, 2, 0.5], "texture": "#0"}
			}
		},
		{
			"from": [7.72263, 0.12251, 7.08579],
			"to": [8.72263, 0.62251, 9.08579],
			"rotation": {"angle": -22.5, "axis": "z", "origin": [8.5, 4.55442, 8.066]},
			"faces": {
				"north": {"uv": [0, 0, 1, 0.5], "texture": "#0"},
				"east": {"uv": [0, 0, 1, 0.5], "texture": "#0"},
				"south": {"uv": [0, 0, 1, 0.5], "texture": "#0"},
				"west": {"uv": [0, 0, 1, 0.5], "texture": "#1"},
				"up": {"uv": [0, 0, 1, 0.5], "texture": "#1"},
				"down": {"uv": [0, 0, 1, 0.5], "texture": "#0"}
			}
		},
		{
			"from": [7.5, 0.11494, 7.86165],
			"to": [9.5, 0.61494, 8.86165],
			"rotation": {"angle": -22.5, "axis": "x", "origin": [8.5, 4.55442, 8.066]},
			"faces": {
				"north": {"uv": [0, 0, 2, 0.5], "texture": "#0"},
				"east": {"uv": [0, 0, 2, 0.5], "texture": "#0"},
				"south": {"uv": [0, 0, 2, 0.5], "texture": "#1"},
				"west": {"uv": [0, 0, 2, 0.5], "texture": "#0"},
				"up": {"uv": [0, 0, 2, 0.5], "texture": "#1"},
				"down": {"uv": [0, 0, 2, 0.5], "texture": "#0"}
			}
		},
		{
			"from": [12.46845, 3.58579, 7.84964],
			"to": [12.96845, 5.58579, 8.84964],
			"rotation": {"angle": -22.5, "axis": "y", "origin": [8.5, 4.55442, 8.066]},
			"faces": {
				"north": {"uv": [0, 0, 2, 0.5], "rotation": 270, "texture": "#0"},
				"east": {"uv": [0, 0, 2, 0.5], "rotation": 270, "texture": "#0"},
				"south": {"uv": [0, 0, 2, 0.5], "rotation": 270, "texture": "#0"},
				"west": {"uv": [0, 0, 2, 0.5], "rotation": 270, "texture": "#1"},
				"up": {"uv": [0, 0, 2, 0.5], "rotation": 270, "texture": "#0"},
				"down": {"uv": [0, 0, 2, 0.5], "rotation": 270, "texture": "#0"}
			}
		},
		{
			"from": [12.44888, 3.81803, 7.08579],
			"to": [12.94888, 4.81803, 9.08579],
			"rotation": {"angle": -22.5, "axis": "z", "origin": [8.5, 4.55442, 8.066]},
			"faces": {
				"north": {"uv": [0, 0, 1, 0.5], "rotation": 270, "texture": "#0"},
				"east": {"uv": [0, 0, 1, 0.5], "rotation": 270, "texture": "#0"},
				"south": {"uv": [0, 0, 1, 0.5], "rotation": 270, "texture": "#0"},
				"west": {"uv": [0, 0, 1, 0.5], "rotation": 270, "texture": "#1"},
				"up": {"uv": [0, 0, 1, 0.5], "rotation": 270, "texture": "#0"},
				"down": {"uv": [0, 0, 1, 0.5], "rotation": 270, "texture": "#1"}
			}
		},
		{
			"from": [12.45331, 3.58579, 7.31891],
			"to": [12.95331, 5.58579, 8.31891],
			"rotation": {"angle": 22.5, "axis": "y", "origin": [8.5, 4.55442, 8.066]},
			"faces": {
				"north": {"uv": [0, 0, 2, 0.5], "rotation": 270, "texture": "#1"},
				"east": {"uv": [0, 0, 2, 0.5], "rotation": 270, "texture": "#0"},
				"south": {"uv": [0, 0, 2, 0.5], "rotation": 270, "texture": "#0"},
				"west": {"uv": [0, 0, 2, 0.5], "rotation": 270, "texture": "#1"},
				"up": {"uv": [0, 0, 2, 0.5], "rotation": 270, "texture": "#0"},
				"down": {"uv": [0, 0, 2, 0.5], "rotation": 270, "texture": "#0"}
			}
		},
		{
			"from": [12.47288, 4.34876, 7.08579],
			"to": [12.97288, 5.34876, 9.08579],
			"rotation": {"angle": 22.5, "axis": "z", "origin": [8.5, 4.55442, 8.066]},
			"faces": {
				"north": {"uv": [0, 0, 1, 0.5], "rotation": 270, "texture": "#0"},
				"east": {"uv": [0, 0, 1, 0.5], "rotation": 270, "texture": "#0"},
				"south": {"uv": [0, 0, 1, 0.5], "rotation": 270, "texture": "#0"},
				"west": {"uv": [0, 0, 1, 0.5], "rotation": 270, "texture": "#1"},
				"up": {"uv": [0, 0, 1, 0.5], "rotation": 270, "texture": "#1"},
				"down": {"uv": [0, 0, 1, 0.5], "rotation": 270, "texture": "#0"}
			}
		},
		{
			"from": [11.82843, 3.59059, 5.64359],
			"to": [12.32843, 5.59059, 6.64359],
			"rotation": {"angle": 45, "axis": "x", "origin": [8.5, 4.55442, 8.066]},
			"faces": {
				"north": {"uv": [0, 0, 2, 0.5], "rotation": 270, "texture": "#1"},
				"east": {"uv": [0, 0, 2, 0.5], "rotation": 270, "texture": "#0"},
				"south": {"uv": [0, 0, 2, 0.5], "rotation": 270, "texture": "#1"},
				"west": {"uv": [0, 0, 2, 0.5], "rotation": 270, "texture": "#1"},
				"up": {"uv": [0, 0, 2, 0.5], "rotation": 270, "texture": "#1"},
				"down": {"uv": [0, 0, 2, 0.5], "rotation": 270, "texture": "#1"}
			}
		},
		{
			"from": [11.82843, 6.0048, 7.05781],
			"to": [12.32843, 7.0048, 9.05781],
			"rotation": {"angle": 45, "axis": "x", "origin": [8.5, 4.55442, 8.066]},
			"faces": {
				"north": {"uv": [0, 0, 1, 0.5], "rotation": 270, "texture": "#1"},
				"east": {"uv": [0, 0, 1, 0.5], "rotation": 270, "texture": "#0"},
				"south": {"uv": [0, 0, 1, 0.5], "rotation": 270, "texture": "#1"},
				"west": {"uv": [0, 0, 1, 0.5], "rotation": 270, "texture": "#1"},
				"up": {"uv": [0, 0, 1, 0.5], "rotation": 270, "texture": "#1"},
				"down": {"uv": [0, 0, 1, 0.5], "rotation": 270, "texture": "#1"}
			}
		},
		{
			"from": [11.82843, 3.59059, 9.47202],
			"to": [12.32843, 5.59059, 10.47202],
			"rotation": {"angle": 45, "axis": "x", "origin": [8.5, 4.55442, 8.066]},
			"faces": {
				"north": {"uv": [0, 0, 2, 0.5], "rotation": 270, "texture": "#1"},
				"east": {"uv": [0, 0, 2, 0.5], "rotation": 270, "texture": "#0"},
				"south": {"uv": [0, 0, 2, 0.5], "rotation": 270, "texture": "#1"},
				"west": {"uv": [0, 0, 2, 0.5], "rotation": 270, "texture": "#1"},
				"up": {"uv": [0, 0, 2, 0.5], "rotation": 270, "texture": "#1"},
				"down": {"uv": [0, 0, 2, 0.5], "rotation": 270, "texture": "#1"}
			}
		},
		{
			"from": [11.82843, 2.17637, 7.05781],
			"to": [12.32843, 3.17637, 9.05781],
			"rotation": {"angle": 45, "axis": "x", "origin": [8.5, 4.55442, 8.066]},
			"faces": {
				"north": {"uv": [0, 0, 1, 0.5], "rotation": 270, "texture": "#1"},
				"east": {"uv": [0, 0, 1, 0.5], "rotation": 270, "texture": "#0"},
				"south": {"uv": [0, 0, 1, 0.5], "rotation": 270, "texture": "#1"},
				"west": {"uv": [0, 0, 1, 0.5], "rotation": 270, "texture": "#1"},
				"up": {"uv": [0, 0, 1, 0.5], "rotation": 270, "texture": "#1"},
				"down": {"uv": [0, 0, 1, 0.5], "rotation": 270, "texture": "#1"}
			}
		},
		{
			"from": [4.03155, 3.58579, 7.84964],
			"to": [4.53155, 5.58579, 8.84964],
			"rotation": {"angle": 22.5, "axis": "y", "origin": [8.5, 4.55442, 8.066]},
			"faces": {
				"north": {"uv": [0, 0, 2, 0.5], "rotation": 270, "texture": "#0"},
				"east": {"uv": [0, 0, 2, 0.5], "rotation": 270, "texture": "#1"},
				"south": {"uv": [0, 0, 2, 0.5], "rotation": 270, "texture": "#1"},
				"west": {"uv": [0, 0, 2, 0.5], "rotation": 270, "texture": "#0"},
				"up": {"uv": [0, 0, 2, 0.5], "rotation": 270, "texture": "#0"},
				"down": {"uv": [0, 0, 2, 0.5], "rotation": 270, "texture": "#0"}
			}
		},
		{
			"from": [4.05112, 3.81803, 7.08579],
			"to": [4.55112, 4.81803, 9.08579],
			"rotation": {"angle": 22.5, "axis": "z", "origin": [8.5, 4.55442, 8.066]},
			"faces": {
				"north": {"uv": [0, 0, 1, 0.5], "rotation": 270, "texture": "#0"},
				"east": {"uv": [0, 0, 1, 0.5], "rotation": 270, "texture": "#1"},
				"south": {"uv": [0, 0, 1, 0.5], "rotation": 270, "texture": "#0"},
				"west": {"uv": [0, 0, 1, 0.5], "rotation": 270, "texture": "#0"},
				"up": {"uv": [0, 0, 1, 0.5], "rotation": 270, "texture": "#0"},
				"down": {"uv": [0, 0, 1, 0.5], "rotation": 270, "texture": "#1"}
			}
		},
		{
			"from": [4.04669, 3.58579, 7.31891],
			"to": [4.54669, 5.58579, 8.31891],
			"rotation": {"angle": -22.5, "axis": "y", "origin": [8.5, 4.55442, 8.066]},
			"faces": {
				"north": {"uv": [0, 0, 2, 0.5], "rotation": 270, "texture": "#1"},
				"east": {"uv": [0, 0, 2, 0.5], "rotation": 270, "texture": "#1"},
				"south": {"uv": [0, 0, 2, 0.5], "rotation": 270, "texture": "#0"},
				"west": {"uv": [0, 0, 2, 0.5], "rotation": 270, "texture": "#0"},
				"up": {"uv": [0, 0, 2, 0.5], "rotation": 270, "texture": "#0"},
				"down": {"uv": [0, 0, 2, 0.5], "rotation": 270, "texture": "#0"}
			}
		},
		{
			"from": [4.02712, 4.34876, 7.08579],
			"to": [4.52712, 5.34876, 9.08579],
			"rotation": {"angle": -22.5, "axis": "z", "origin": [8.5, 4.55442, 8.066]},
			"faces": {
				"north": {"uv": [0, 0, 1, 0.5], "rotation": 270, "texture": "#0"},
				"east": {"uv": [0, 0, 1, 0.5], "rotation": 270, "texture": "#1"},
				"south": {"uv": [0, 0, 1, 0.5], "rotation": 270, "texture": "#0"},
				"west": {"uv": [0, 0, 1, 0.5], "rotation": 270, "texture": "#0"},
				"up": {"uv": [0, 0, 1, 0.5], "rotation": 270, "texture": "#1"},
				"down": {"uv": [0, 0, 1, 0.5], "rotation": 270, "texture": "#0"}
			}
		},
		{
			"from": [4.67157, 3.59059, 5.64359],
			"to": [5.17157, 5.59059, 6.64359],
			"rotation": {"angle": 45, "axis": "x", "origin": [8.5, 4.55442, 8.066]},
			"faces": {
				"north": {"uv": [0, 0, 2, 0.5], "rotation": 270, "texture": "#1"},
				"east": {"uv": [0, 0, 2, 0.5], "rotation": 270, "texture": "#1"},
				"south": {"uv": [0, 0, 2, 0.5], "rotation": 270, "texture": "#1"},
				"west": {"uv": [0, 0, 2, 0.5], "rotation": 270, "texture": "#0"},
				"up": {"uv": [0, 0, 2, 0.5], "rotation": 270, "texture": "#1"},
				"down": {"uv": [0, 0, 2, 0.5], "rotation": 270, "texture": "#1"}
			}
		},
		{
			"from": [4.67157, 6.0048, 7.05781],
			"to": [5.17157, 7.0048, 9.05781],
			"rotation": {"angle": 45, "axis": "x", "origin": [8.5, 4.55442, 8.066]},
			"faces": {
				"north": {"uv": [0, 0, 1, 0.5], "rotation": 270, "texture": "#1"},
				"east": {"uv": [0, 0, 1, 0.5], "rotation": 270, "texture": "#1"},
				"south": {"uv": [0, 0, 1, 0.5], "rotation": 270, "texture": "#1"},
				"west": {"uv": [0, 0, 1, 0.5], "rotation": 270, "texture": "#0"},
				"up": {"uv": [0, 0, 1, 0.5], "rotation": 270, "texture": "#1"},
				"down": {"uv": [0, 0, 1, 0.5], "rotation": 270, "texture": "#1"}
			}
		},
		{
			"from": [4.67157, 3.59059, 9.47202],
			"to": [5.17157, 5.59059, 10.47202],
			"rotation": {"angle": 45, "axis": "x", "origin": [8.5, 4.55442, 8.066]},
			"faces": {
				"north": {"uv": [0, 0, 2, 0.5], "rotation": 270, "texture": "#1"},
				"east": {"uv": [0, 0, 2, 0.5], "rotation": 270, "texture": "#1"},
				"south": {"uv": [0, 0, 2, 0.5], "rotation": 270, "texture": "#1"},
				"west": {"uv": [0, 0, 2, 0.5], "rotation": 270, "texture": "#0"},
				"up": {"uv": [0, 0, 2, 0.5], "rotation": 270, "texture": "#1"},
				"down": {"uv": [0, 0, 2, 0.5], "rotation": 270, "texture": "#1"}
			}
		},
		{
			"from": [4.67157, 2.17637, 7.05781],
			"to": [5.17157, 3.17637, 9.05781],
			"rotation": {"angle": 45, "axis": "x", "origin": [8.5, 4.55442, 8.066]},
			"faces": {
				"north": {"uv": [0, 0, 1, 0.5], "rotation": 270, "texture": "#1"},
				"east": {"uv": [0, 0, 1, 0.5], "rotation": 270, "texture": "#1"},
				"south": {"uv": [0, 0, 1, 0.5], "rotation": 270, "texture": "#1"},
				"west": {"uv": [0, 0, 1, 0.5], "rotation": 270, "texture": "#0"},
				"up": {"uv": [0, 0, 1, 0.5], "rotation": 270, "texture": "#1"},
				"down": {"uv": [0, 0, 1, 0.5], "rotation": 270, "texture": "#1"}
			}
		},
		{
			"from": [7.7422, 3.58579, 12.04516],
			"to": [8.7422, 5.58579, 12.54516],
			"rotation": {"angle": -22.5, "axis": "y", "origin": [8.5, 4.55442, 8.066]},
			"faces": {
				"north": {"uv": [0, 0, 1, 2], "rotation": 180, "texture": "#1"},
				"east": {"uv": [0, 0, 1, 2], "rotation": 180, "texture": "#0"},
				"south": {"uv": [0, 0, 1, 2], "rotation": 180, "texture": "#0"},
				"west": {"uv": [0, 0, 1, 2], "rotation": 180, "texture": "#0"},
				"up": {"uv": [0, 0, 1, 2], "rotation": 180, "texture": "#0"},
				"down": {"uv": [0, 0, 1, 2], "rotation": 180, "texture": "#0"}
			}
		},
		{
			"from": [7.5, 3.8256, 12.03316],
			"to": [9.5, 4.8256, 12.53316],
			"rotation": {"angle": 22.5, "axis": "x", "origin": [8.5, 4.55442, 8.066]},
			"faces": {
				"north": {"uv": [0, 0, 2, 1], "rotation": 180, "texture": "#1"},
				"east": {"uv": [0, 0, 2, 1], "rotation": 180, "texture": "#0"},
				"south": {"uv": [0, 0, 2, 1], "rotation": 180, "texture": "#0"},
				"west": {"uv": [0, 0, 2, 1], "rotation": 180, "texture": "#0"},
				"up": {"uv": [0, 0, 2, 1], "rotation": 180, "texture": "#0"},
				"down": {"uv": [0, 0, 2, 1], "rotation": 180, "texture": "#1"}
			}
		},
		{
			"from": [8.2578, 3.58579, 12.04516],
			"to": [9.2578, 5.58579, 12.54516],
			"rotation": {"angle": 22.5, "axis": "y", "origin": [8.5, 4.55442, 8.066]},
			"faces": {
				"north": {"uv": [0, 0, 1, 2], "rotation": 180, "texture": "#1"},
				"east": {"uv": [0, 0, 1, 2], "rotation": 180, "texture": "#1"},
				"south": {"uv": [0, 0, 1, 2], "rotation": 180, "texture": "#0"},
				"west": {"uv": [0, 0, 1, 2], "rotation": 180, "texture": "#0"},
				"up": {"uv": [0, 0, 1, 2], "rotation": 180, "texture": "#0"},
				"down": {"uv": [0, 0, 1, 2], "rotation": 180, "texture": "#0"}
			}
		},
		{
			"from": [7.5, 4.34119, 12.05717],
			"to": [9.5, 5.34119, 12.55717],
			"rotation": {"angle": -22.5, "axis": "x", "origin": [8.5, 4.55442, 8.066]},
			"faces": {
				"north": {"uv": [0, 0, 2, 1], "rotation": 180, "texture": "#1"},
				"east": {"uv": [0, 0, 2, 1], "rotation": 180, "texture": "#0"},
				"south": {"uv": [0, 0, 2, 1], "rotation": 180, "texture": "#0"},
				"west": {"uv": [0, 0, 2, 1], "rotation": 180, "texture": "#0"},
				"up": {"uv": [0, 0, 2, 1], "rotation": 180, "texture": "#1"},
				"down": {"uv": [0, 0, 2, 1], "rotation": 180, "texture": "#0"}
			}
		},
		{
			"from": [9.93639, 3.5766, 11.41421],
			"to": [10.93639, 5.5766, 11.91421],
			"rotation": {"angle": 45, "axis": "z", "origin": [8.5, 4.55442, 8.066]},
			"faces": {
				"north": {"uv": [0, 0, 2, 1], "rotation": 270, "texture": "#1"},
				"east": {"uv": [0, 0, 2, 1], "rotation": 270, "texture": "#1"},
				"south": {"uv": [0, 0, 2, 1], "rotation": 270, "texture": "#0"},
				"west": {"uv": [0, 0, 2, 1], "rotation": 270, "texture": "#1"},
				"up": {"uv": [0, 0, 2, 1], "rotation": 270, "texture": "#1"},
				"down": {"uv": [0, 0, 2, 1], "rotation": 270, "texture": "#1"}
			}
		},
		{
			"from": [7.52218, 5.99081, 11.41421],
			"to": [9.52218, 6.99081, 11.91421],
			"rotation": {"angle": 45, "axis": "z", "origin": [8.5, 4.55442, 8.066]},
			"faces": {
				"north": {"uv": [0, 0, 1, 2], "rotation": 270, "texture": "#1"},
				"east": {"uv": [0, 0, 1, 2], "rotation": 270, "texture": "#1"},
				"south": {"uv": [0, 0, 1, 2], "rotation": 270, "texture": "#0"},
				"west": {"uv": [0, 0, 1, 2], "rotation": 270, "texture": "#1"},
				"up": {"uv": [0, 0, 1, 2], "rotation": 270, "texture": "#1"},
				"down": {"uv": [0, 0, 1, 2], "rotation": 270, "texture": "#1"}
			}
		},
		{
			"from": [6.10797, 3.5766, 11.41421],
			"to": [7.10797, 5.5766, 11.91421],
			"rotation": {"angle": 45, "axis": "z", "origin": [8.5, 4.55442, 8.066]},
			"faces": {
				"north": {"uv": [0, 0, 2, 1], "rotation": 270, "texture": "#1"},
				"east": {"uv": [0, 0, 2, 1], "rotation": 270, "texture": "#1"},
				"south": {"uv": [0, 0, 2, 1], "rotation": 270, "texture": "#0"},
				"west": {"uv": [0, 0, 2, 1], "rotation": 270, "texture": "#1"},
				"up": {"uv": [0, 0, 2, 1], "rotation": 270, "texture": "#1"},
				"down": {"uv": [0, 0, 2, 1], "rotation": 270, "texture": "#1"}
			}
		},
		{
			"from": [7.52218, 2.16238, 11.41421],
			"to": [9.52218, 3.16238, 11.91421],
			"rotation": {"angle": 45, "axis": "z", "origin": [8.5, 4.55442, 8.066]},
			"faces": {
				"north": {"uv": [0, 0, 1, 2], "rotation": 270, "texture": "#1"},
				"east": {"uv": [0, 0, 1, 2], "rotation": 270, "texture": "#1"},
				"south": {"uv": [0, 0, 1, 2], "rotation": 270, "texture": "#0"},
				"west": {"uv": [0, 0, 1, 2], "rotation": 270, "texture": "#1"},
				"up": {"uv": [0, 0, 1, 2], "rotation": 270, "texture": "#1"},
				"down": {"uv": [0, 0, 1, 2], "rotation": 270, "texture": "#1"}
			}
		},
		{
			"from": [7.72706, 3.58579, 3.62339],
			"to": [8.72706, 5.58579, 4.12339],
			"rotation": {"angle": 22.5, "axis": "y", "origin": [8.5, 4.55442, 8.066]},
			"faces": {
				"north": {"uv": [0, 0, 1, 2], "rotation": 180, "texture": "#0"},
				"east": {"uv": [0, 0, 1, 2], "rotation": 180, "texture": "#0"},
				"south": {"uv": [0, 0, 1, 2], "rotation": 180, "texture": "#1"},
				"west": {"uv": [0, 0, 1, 2], "rotation": 180, "texture": "#1"},
				"up": {"uv": [0, 0, 1, 2], "rotation": 180, "texture": "#0"},
				"down": {"uv": [0, 0, 1, 2], "rotation": 180, "texture": "#0"}
			}
		},
		{
			"from": [7.5, 3.81046, 3.6354],
			"to": [9.5, 4.81046, 4.1354],
			"rotation": {"angle": -22.5, "axis": "x", "origin": [8.5, 4.55442, 8.066]},
			"faces": {
				"north": {"uv": [0, 0, 2, 1], "rotation": 180, "texture": "#0"},
				"east": {"uv": [0, 0, 2, 1], "rotation": 180, "texture": "#0"},
				"south": {"uv": [0, 0, 2, 1], "rotation": 180, "texture": "#1"},
				"west": {"uv": [0, 0, 2, 1], "rotation": 180, "texture": "#0"},
				"up": {"uv": [0, 0, 2, 1], "rotation": 180, "texture": "#0"},
				"down": {"uv": [0, 0, 2, 1], "rotation": 180, "texture": "#1"}
			}
		},
		{
			"from": [8.27294, 3.58579, 3.62339],
			"to": [9.27294, 5.58579, 4.12339],
			"rotation": {"angle": -22.5, "axis": "y", "origin": [8.5, 4.55442, 8.066]},
			"faces": {
				"north": {"uv": [0, 0, 1, 2], "rotation": 180, "texture": "#0"},
				"east": {"uv": [0, 0, 1, 2], "rotation": 180, "texture": "#0"},
				"south": {"uv": [0, 0, 1, 2], "rotation": 180, "texture": "#1"},
				"west": {"uv": [0, 0, 1, 2], "rotation": 180, "texture": "#0"},
				"up": {"uv": [0, 0, 1, 2], "rotation": 180, "texture": "#0"},
				"down": {"uv": [0, 0, 1, 2], "rotation": 180, "texture": "#0"}
			}
		},
		{
			"from": [7.5, 4.35633, 3.61139],
			"to": [9.5, 5.35633, 4.11139],
			"rotation": {"angle": 22.5, "axis": "x", "origin": [8.5, 4.55442, 8.066]},
			"faces": {
				"north": {"uv": [0, 0, 2, 1], "rotation": 180, "texture": "#0"},
				"east": {"uv": [0, 0, 2, 1], "rotation": 180, "texture": "#0"},
				"south": {"uv": [0, 0, 2, 1], "rotation": 180, "texture": "#1"},
				"west": {"uv": [0, 0, 2, 1], "rotation": 180, "texture": "#0"},
				"up": {"uv": [0, 0, 2, 1], "rotation": 180, "texture": "#1"},
				"down": {"uv": [0, 0, 2, 1], "rotation": 180, "texture": "#0"}
			}
		},
		{
			"from": [9.93639, 3.5766, 4.25736],
			"to": [10.93639, 5.5766, 4.75736],
			"rotation": {"angle": 45, "axis": "z", "origin": [8.5, 4.55442, 8.066]},
			"faces": {
				"north": {"uv": [0, 0, 2, 1], "rotation": 270, "texture": "#0"},
				"east": {"uv": [0, 0, 2, 1], "rotation": 270, "texture": "#1"},
				"south": {"uv": [0, 0, 2, 1], "rotation": 270, "texture": "#1"},
				"west": {"uv": [0, 0, 2, 1], "rotation": 270, "texture": "#1"},
				"up": {"uv": [0, 0, 2, 1], "rotation": 270, "texture": "#1"},
				"down": {"uv": [0, 0, 2, 1], "rotation": 270, "texture": "#1"}
			}
		},
		{
			"from": [7.52218, 5.99081, 4.25736],
			"to": [9.52218, 6.99081, 4.75736],
			"rotation": {"angle": 45, "axis": "z", "origin": [8.5, 4.55442, 8.066]},
			"faces": {
				"north": {"uv": [0, 0, 1, 2], "rotation": 270, "texture": "#0"},
				"east": {"uv": [0, 0, 1, 2], "rotation": 270, "texture": "#1"},
				"south": {"uv": [0, 0, 1, 2], "rotation": 270, "texture": "#1"},
				"west": {"uv": [0, 0, 1, 2], "rotation": 270, "texture": "#1"},
				"up": {"uv": [0, 0, 1, 2], "rotation": 270, "texture": "#1"},
				"down": {"uv": [0, 0, 1, 2], "rotation": 270, "texture": "#1"}
			}
		},
		{
			"from": [6.10797, 3.5766, 4.25736],
			"to": [7.10797, 5.5766, 4.75736],
			"rotation": {"angle": 45, "axis": "z", "origin": [8.5, 4.55442, 8.066]},
			"faces": {
				"north": {"uv": [0, 0, 2, 1], "rotation": 270, "texture": "#0"},
				"east": {"uv": [0, 0, 2, 1], "rotation": 270, "texture": "#1"},
				"south": {"uv": [0, 0, 2, 1], "rotation": 270, "texture": "#1"},
				"west": {"uv": [0, 0, 2, 1], "rotation": 270, "texture": "#1"},
				"up": {"uv": [0, 0, 2, 1], "rotation": 270, "texture": "#1"},
				"down": {"uv": [0, 0, 2, 1], "rotation": 270, "texture": "#1"}
			}
		},
		{
			"from": [7.52218, 2.16238, 4.25736],
			"to": [9.52218, 3.16238, 4.75736],
			"rotation": {"angle": 45, "axis": "z", "origin": [8.5, 4.55442, 8.066]},
			"faces": {
				"north": {"uv": [0, 0, 1, 2], "rotation": 270, "texture": "#0"},
				"east": {"uv": [0, 0, 1, 2], "rotation": 270, "texture": "#1"},
				"south": {"uv": [0, 0, 1, 2], "rotation": 270, "texture": "#1"},
				"west": {"uv": [0, 0, 1, 2], "rotation": 270, "texture": "#1"},
				"up": {"uv": [0, 0, 1, 2], "rotation": 270, "texture": "#1"},
				"down": {"uv": [0, 0, 1, 2], "rotation": 270, "texture": "#1"}
			}
		},
		{
			"from": [6.0718, 7.91421, 7.08],
			"to": [7.0718, 8.41421, 9.08],
			"rotation": {"angle": 45, "axis": "y", "origin": [8.5, 4.55442, 8.066]},
			"faces": {
				"north": {"uv": [2, 0, 3, 1], "texture": "#1"},
				"east": {"uv": [2, 0, 3, 1], "texture": "#1"},
				"south": {"uv": [2, 0, 3, 1], "texture": "#1"},
				"west": {"uv": [2, 0, 3, 1], "texture": "#1"},
				"up": {"uv": [2, 0, 3, 1], "texture": "#0"},
				"down": {"uv": [2, 0, 3, 1], "texture": "#1"}
			}
		},
		{
			"from": [7.48601, 7.91421, 9.49421],
			"to": [9.48601, 8.41421, 10.49421],
			"rotation": {"angle": 45, "axis": "y", "origin": [8.5, 4.55442, 8.066]},
			"faces": {
				"north": {"uv": [2, 0, 4, 1], "texture": "#1"},
				"east": {"uv": [2, 0, 4, 1], "texture": "#1"},
				"south": {"uv": [2, 0, 4, 1], "texture": "#1"},
				"west": {"uv": [2, 0, 4, 1], "texture": "#1"},
				"up": {"uv": [2, 0, 4, 1], "texture": "#0"},
				"down": {"uv": [2, 0, 4, 1], "texture": "#1"}
			}
		},
		{
			"from": [9.90022, 7.91421, 7.08],
			"to": [10.90022, 8.41421, 9.08],
			"rotation": {"angle": 45, "axis": "y", "origin": [8.5, 4.55442, 8.066]},
			"faces": {
				"north": {"uv": [2, 0, 3, 1], "texture": "#1"},
				"east": {"uv": [2, 0, 3, 1], "texture": "#1"},
				"south": {"uv": [2, 0, 3, 1], "texture": "#1"},
				"west": {"uv": [2, 0, 3, 1], "texture": "#1"},
				"up": {"uv": [2, 0, 3, 1], "texture": "#0"},
				"down": {"uv": [2, 0, 3, 1], "texture": "#1"}
			}
		},
		{
			"from": [7.48601, 7.91421, 5.66578],
			"to": [9.48601, 8.41421, 6.66578],
			"rotation": {"angle": 45, "axis": "y", "origin": [8.5, 4.55442, 8.066]},
			"faces": {
				"north": {"uv": [2, 0, 4, 1], "texture": "#1"},
				"east": {"uv": [2, 0, 4, 1], "texture": "#1"},
				"south": {"uv": [2, 0, 4, 1], "texture": "#1"},
				"west": {"uv": [2, 0, 4, 1], "texture": "#1"},
				"up": {"uv": [2, 0, 4, 1], "texture": "#0"},
				"down": {"uv": [2, 0, 4, 1], "texture": "#1"}
			}
		},
		{
			"from": [8.25337, 8.54428, 7.08579],
			"to": [9.25337, 9.04428, 9.08579],
			"rotation": {"angle": -22.5, "axis": "z", "origin": [8.5, 4.55442, 8.066]},
			"faces": {
				"north": {"uv": [2, 0, 3, 1], "texture": "#0"},
				"east": {"uv": [2, 0, 3, 1], "texture": "#1"},
				"south": {"uv": [2, 0, 3, 1], "texture": "#0"},
				"west": {"uv": [2, 0, 3, 1], "texture": "#0"},
				"up": {"uv": [2, 0, 3, 1], "texture": "#0"},
				"down": {"uv": [2, 0, 3, 1], "texture": "#1"}
			}
		},
		{
			"from": [7.5, 8.53671, 7.33092],
			"to": [9.5, 9.03671, 8.33092],
			"rotation": {"angle": -22.5, "axis": "x", "origin": [8.5, 4.55442, 8.066]},
			"faces": {
				"north": {"uv": [2, 0, 4, 1], "texture": "#1"},
				"east": {"uv": [2, 0, 4, 1], "texture": "#0"},
				"south": {"uv": [2, 0, 4, 1], "texture": "#0"},
				"west": {"uv": [2, 0, 4, 1], "texture": "#0"},
				"up": {"uv": [2, 0, 4, 1], "texture": "#0"},
				"down": {"uv": [2, 0, 4, 1], "texture": "#1"}
			}
		},
		{
			"from": [7.74663, 8.54428, 7.08579],
			"to": [8.74663, 9.04428, 9.08579],
			"rotation": {"angle": 22.5, "axis": "z", "origin": [8.5, 4.55442, 8.066]},
			"faces": {
				"north": {"uv": [2, 0, 3, 1], "texture": "#0"},
				"east": {"uv": [2, 0, 3, 1], "texture": "#0"},
				"south": {"uv": [2, 0, 3, 1], "texture": "#0"},
				"west": {"uv": [2, 0, 3, 1], "texture": "#1"},
				"up": {"uv": [2, 0, 3, 1], "texture": "#0"},
				"down": {"uv": [2, 0, 3, 1], "texture": "#1"}
			}
		},
		{
			"from": [7.5, 8.55185, 7.83764],
			"to": [9.5, 9.05185, 8.83764],
			"rotation": {"angle": 22.5, "axis": "x", "origin": [8.5, 4.55442, 8.066]},
			"faces": {
				"north": {"uv": [2, 0, 4, 1], "texture": "#0"},
				"east": {"uv": [2, 0, 4, 1], "texture": "#0"},
				"south": {"uv": [2, 0, 4, 1], "texture": "#1"},
				"west": {"uv": [2, 0, 4, 1], "texture": "#0"},
				"up": {"uv": [2, 0, 4, 1], "texture": "#0"},
				"down": {"uv": [2, 0, 4, 1], "texture": "#1"}
			}
		},
		{
			"from": [7.5, 3.59059, 3.64359],
			"to": [9.5, 5.59059, 4.14359],
			"rotation": {"angle": 45, "axis": "x", "origin": [8.5, 4.55442, 8.066]},
			"faces": {
				"north": {"uv": [0, 0, 2, 2], "texture": "#0"},
				"east": {"uv": [0, 0, 2, 2], "texture": "#1"},
				"south": {"uv": [0, 0, 2, 2], "texture": "#1"},
				"west": {"uv": [0, 0, 2, 2], "texture": "#1"},
				"up": {"uv": [0, 0, 2, 2], "texture": "#1"},
				"down": {"uv": [0, 0, 2, 2], "texture": "#1"}
			}
		},
		{
			"from": [7.52218, 8.49081, 7.08579],
			"to": [9.52218, 8.99081, 9.08579],
			"rotation": {"angle": 45, "axis": "z", "origin": [8.5, 4.55442, 8.066]},
			"faces": {
				"north": {"uv": [0, 0, 2, 1], "texture": "#1"},
				"east": {"uv": [0, 0, 2, 1], "texture": "#1"},
				"south": {"uv": [0, 0, 2, 1], "texture": "#1"},
				"west": {"uv": [0, 0, 2, 1], "texture": "#1"},
				"up": {"uv": [0, 0, 2, 1], "texture": "#0"},
				"down": {"uv": [0, 0, 2, 1], "texture": "#1"}
			}
		},
		{
			"from": [12.43639, 3.5766, 7.08579],
			"to": [12.93639, 5.5766, 9.08579],
			"rotation": {"angle": 45, "axis": "z", "origin": [8.5, 4.55442, 8.066]},
			"faces": {
				"north": {"uv": [0, 0, 0.5, 2], "texture": "#1"},
				"east": {"uv": [0, 0, 0.5, 2], "texture": "#0"},
				"south": {"uv": [0, 0, 0.5, 2], "texture": "#1"},
				"west": {"uv": [0, 0, 0.5, 2], "texture": "#1"},
				"up": {"uv": [0, 0, 0.5, 2], "texture": "#1"},
				"down": {"uv": [0, 0, 0.5, 2], "texture": "#1"}
			}
		},
		{
			"from": [7.5, 3.56261, 12.01639],
			"to": [9.5, 5.56261, 12.51639],
			"rotation": {"angle": -45, "axis": "x", "origin": [8.5, 4.55442, 8.066]},
			"faces": {
				"north": {"uv": [0, 0, 2, 2], "texture": "#1"},
				"east": {"uv": [0, 0, 2, 2], "texture": "#1"},
				"south": {"uv": [0, 0, 2, 2], "texture": "#0"},
				"west": {"uv": [0, 0, 2, 2], "texture": "#1"},
				"up": {"uv": [0, 0, 2, 2], "texture": "#1"},
				"down": {"uv": [0, 0, 2, 2], "texture": "#1"}
			}
		},
		{
			"from": [7.48601, 3.58579, 3.66578],
			"to": [9.48601, 5.58579, 4.16578],
			"rotation": {"angle": 45, "axis": "y", "origin": [8.5, 4.55442, 8.066]},
			"faces": {
				"north": {"uv": [0, 0, 2, 2], "texture": "#0"},
				"east": {"uv": [0, 0, 2, 2], "texture": "#0"},
				"south": {"uv": [0, 0, 2, 2], "texture": "#1"},
				"west": {"uv": [0, 0, 2, 2], "texture": "#1"},
				"up": {"uv": [0, 0, 2, 2], "texture": "#1"},
				"down": {"uv": [0, 0, 2, 2], "texture": "#1"}
			}
		},
		{
			"from": [12.40022, 3.58579, 7.08],
			"to": [12.90022, 5.58579, 9.08],
			"rotation": {"angle": 45, "axis": "y", "origin": [8.5, 4.55442, 8.066]},
			"faces": {
				"north": {"uv": [0, 0, 0.5, 2], "rotation": 180, "texture": "#0"},
				"east": {"uv": [0, 0, 0.5, 2], "rotation": 180, "texture": "#0"},
				"south": {"uv": [0, 0, 0.5, 2], "rotation": 180, "texture": "#1"},
				"west": {"uv": [0, 0, 0.5, 2], "rotation": 180, "texture": "#1"},
				"up": {"uv": [0, 0, 0.5, 2], "rotation": 180, "texture": "#1"},
				"down": {"uv": [0, 0, 0.5, 2], "rotation": 180, "texture": "#1"}
			}
		},
		{
			"from": [7.48601, 3.58579, 11.99421],
			"to": [9.48601, 5.58579, 12.49421],
			"rotation": {"angle": 45, "axis": "y", "origin": [8.5, 4.55442, 8.066]},
			"faces": {
				"north": {"uv": [0, 0, 2, 2], "rotation": 180, "texture": "#1"},
				"east": {"uv": [0, 0, 2, 2], "rotation": 180, "texture": "#1"},
				"south": {"uv": [0, 0, 2, 2], "rotation": 180, "texture": "#0"},
				"west": {"uv": [0, 0, 2, 2], "rotation": 180, "texture": "#1"},
				"up": {"uv": [0, 0, 2, 2], "rotation": 180, "texture": "#1"},
				"down": {"uv": [0, 0, 2, 2], "rotation": 180, "texture": "#1"}
			}
		},
		{
			"from": [4.0718, 3.58579, 7.08],
			"to": [4.5718, 5.58579, 9.08],
			"rotation": {"angle": 45, "axis": "y", "origin": [8.5, 4.55442, 8.066]},
			"faces": {
				"north": {"uv": [0, 0, 2, 0.5], "rotation": 90, "texture": "#1"},
				"east": {"uv": [0, 0, 2, 0.5], "rotation": 90, "texture": "#1"},
				"south": {"uv": [0, 0, 2, 0.5], "rotation": 90, "texture": "#1"},
				"west": {"uv": [0, 0, 2, 0.5], "rotation": 90, "texture": "#0"},
				"up": {"uv": [0, 0, 2, 0.5], "rotation": 90, "texture": "#1"},
				"down": {"uv": [0, 0, 2, 0.5], "rotation": 90, "texture": "#1"}
			}
		},
		{
			"from": [7.5, 0.17637, 7.05781],
			"to": [9.5, 0.67637, 9.05781],
			"rotation": {"angle": 45, "axis": "x", "origin": [8.5, 4.55442, 8.066]},
			"faces": {
				"north": {"uv": [0, 0, 2, 0.5], "texture": "#0"},
				"east": {"uv": [0, 0, 2, 0.5], "texture": "#1"},
				"south": {"uv": [0, 0, 2, 0.5], "texture": "#1"},
				"west": {"uv": [0, 0, 2, 0.5], "texture": "#1"},
				"up": {"uv": [0, 0, 2, 0.5], "texture": "#1"},
				"down": {"uv": [0, 0, 2, 0.5], "texture": "#0"}
			}
		},
		{
			"from": [4.10797, 3.5766, 7.08579],
			"to": [4.60797, 5.5766, 9.08579],
			"rotation": {"angle": 45, "axis": "z", "origin": [8.5, 4.55442, 8.066]},
			"faces": {
				"north": {"uv": [0, 0, 0.5, 2], "texture": "#1"},
				"east": {"uv": [0, 0, 0.5, 2], "texture": "#1"},
				"south": {"uv": [0, 0, 0.5, 2], "texture": "#1"},
				"west": {"uv": [0, 0, 0.5, 2], "texture": "#0"},
				"up": {"uv": [0, 0, 0.5, 2], "texture": "#1"},
				"down": {"uv": [0, 0, 0.5, 2], "texture": "#0"}
			}
		},
		{
			"from": [7.52218, 0.16238, 7.08579],
			"to": [9.52218, 0.66238, 9.08579],
			"rotation": {"angle": 45, "axis": "z", "origin": [8.5, 4.55442, 8.066]},
			"faces": {
				"north": {"uv": [0, 0, 2, 0.5], "texture": "#1"},
				"east": {"uv": [0, 0, 2, 0.5], "texture": "#0"},
				"south": {"uv": [0, 0, 2, 0.5], "texture": "#1"},
				"west": {"uv": [0, 0, 2, 0.5], "texture": "#1"},
				"up": {"uv": [0, 0, 2, 0.5], "texture": "#1"},
				"down": {"uv": [0, 0, 2, 0.5], "texture": "#0"}
			}
		},
		{
			"from": [7.5, 0.14839, 7.10218],
			"to": [9.5, 0.64839, 9.10218],
			"rotation": {"angle": -45, "axis": "x", "origin": [8.5, 4.55442, 8.066]},
			"faces": {
				"north": {"uv": [0, 0, 2, 0.5], "texture": "#1"},
				"east": {"uv": [0, 0, 2, 0.5], "texture": "#1"},
				"south": {"uv": [0, 0, 2, 0.5], "texture": "#1"},
				"west": {"uv": [0, 0, 2, 0.5], "texture": "#1"},
				"up": {"uv": [0, 0, 2, 0.5], "texture": "#1"},
				"down": {"uv": [0, 0, 2, 0.5], "texture": "#0"}
			}
		},
		{
			"from": [4.18198, 5.73351, 7.06732],
			"to": [4.68198, 7.73351, 9.06732],
			"rotation": {"angle": 45, "axis": "z", "origin": [10.68198, 6.73351, 9.06732]},
			"faces": {
				"north": {"uv": [0, 0, 0.5, 2], "texture": "#1"},
				"east": {"uv": [0, 0, 2, 2], "texture": "#1"},
				"south": {"uv": [0, 0, 0.5, 2], "texture": "#1"},
				"west": {"uv": [0, 0, 2, 2], "texture": "#0"},
				"up": {"uv": [0, 0, 0.5, 2], "texture": "#1"},
				"down": {"uv": [0, 0, 0.5, 2], "texture": "#1"}
			}
		},
		{
			"from": [5.93934, 3.55153, 5.00666],
			"to": [6.43934, 5.55153, 7.00666],
			"rotation": {"angle": -45, "axis": "y", "origin": [6.43934, 4.55153, 6.00666]},
			"faces": {
				"north": {"uv": [0, 0, 0.5, 2], "texture": "#1"},
				"east": {"uv": [0, 0, 2, 2], "texture": "#1"},
				"south": {"uv": [0, 0, 0.5, 2], "texture": "#1"},
				"west": {"uv": [0, 0, 2, 2], "texture": "#0"},
				"up": {"uv": [0, 0, 0.5, 2], "texture": "#1"},
				"down": {"uv": [0, 0, 0.5, 2], "texture": "#1"}
			}
		},
		{
			"from": [7.5, 5.96574, 9.98153],
			"to": [9.5, 7.96574, 10.48153],
			"rotation": {"angle": -45, "axis": "x", "origin": [8.5, 6.96574, 10.48153]},
			"faces": {
				"north": {"uv": [0, 0, 2, 2], "texture": "#1"},
				"east": {"uv": [0, 0, 0.5, 2], "texture": "#1"},
				"south": {"uv": [0, 0, 2, 2], "texture": "#0"},
				"west": {"uv": [0, 0, 0.5, 2], "texture": "#1"},
				"up": {"uv": [0, 0, 2, 0.5], "texture": "#1"},
				"down": {"uv": [0, 0, 2, 0.5], "texture": "#1"}
			}
		},
		{
			"from": [5.93934, 5.61219, 7.06732],
			"to": [6.43934, 7.61219, 9.06732],
			"rotation": {"angle": -45, "axis": "z", "origin": [6.43934, 6.61219, 15.06732]},
			"faces": {
				"north": {"uv": [0, 0, 0.5, 2], "texture": "#1"},
				"east": {"uv": [0, 0, 2, 2], "texture": "#1"},
				"south": {"uv": [0, 0, 0.5, 2], "texture": "#1"},
				"west": {"uv": [0, 0, 2, 2], "texture": "#0"},
				"up": {"uv": [0, 0, 0.5, 2], "texture": "#0"},
				"down": {"uv": [0, 0, 0.5, 2], "texture": "#1"}
			}
		},
		{
			"from": [7.5, 7.50128, 12.61657],
			"to": [9.5, 9.50128, 13.11657],
			"rotation": {"angle": 45, "axis": "x", "origin": [8.5, 8.50128, 4.11657]},
			"faces": {
				"north": {"uv": [0, 0, 2, 2], "texture": "#1"},
				"east": {"uv": [0, 0, 0.5, 2], "texture": "#1"},
				"south": {"uv": [0, 0, 2, 2], "texture": "#0"},
				"west": {"uv": [0, 0, 0.5, 2], "texture": "#1"},
				"up": {"uv": [0, 0, 2, 0.5], "texture": "#1"},
				"down": {"uv": [0, 0, 2, 0.5], "texture": "#1"}
			}
		},
		{
			"from": [7.5, 7.85483, 2.87062],
			"to": [9.5, 9.85483, 3.37062],
			"rotation": {"angle": -45, "axis": "x", "origin": [8.5, 8.85483, 12.37062]},
			"faces": {
				"north": {"uv": [0, 0, 2, 2], "texture": "#0"},
				"east": {"uv": [0, 0, 0.5, 2], "texture": "#1"},
				"south": {"uv": [0, 0, 2, 2], "texture": "#1"},
				"west": {"uv": [0, 0, 0.5, 2], "texture": "#1"},
				"up": {"uv": [0, 0, 2, 0.5], "texture": "#1"},
				"down": {"uv": [0, 0, 2, 0.5], "texture": "#1"}
			}
		},
		{
			"from": [7.5, 5.61219, 5.50666],
			"to": [9.5, 7.61219, 6.00666],
			"rotation": {"angle": 45, "axis": "x", "origin": [8.5, 6.61219, 6.00666]},
			"faces": {
				"north": {"uv": [0, 0, 2, 2], "texture": "#0"},
				"east": {"uv": [0, 0, 0.5, 2], "texture": "#1"},
				"south": {"uv": [0, 0, 2, 2], "texture": "#1"},
				"west": {"uv": [0, 0, 0.5, 2], "texture": "#1"},
				"up": {"uv": [0, 0, 2, 0.5], "texture": "#1"},
				"down": {"uv": [0, 0, 2, 0.5], "texture": "#1"}
			}
		},
		{
			"from": [10.41421, 5.96574, 7.06732],
			"to": [10.91421, 7.96574, 9.06732],
			"rotation": {"angle": 45, "axis": "z", "origin": [10.91421, 6.96574, 9.06732]},
			"faces": {
				"north": {"uv": [0, 0, 0.5, 2], "texture": "#1"},
				"east": {"uv": [0, 0, 2, 2], "texture": "#0"},
				"south": {"uv": [0, 0, 0.5, 2], "texture": "#1"},
				"west": {"uv": [0, 0, 2, 2], "texture": "#1"},
				"up": {"uv": [0, 0, 0.5, 2], "texture": "#1"},
				"down": {"uv": [0, 0, 0.5, 2], "texture": "#1"}
			}
		},
		{
			"from": [10.41421, 3.55153, 4.65311],
			"to": [10.91421, 5.55153, 6.65311],
			"rotation": {"angle": 45, "axis": "y", "origin": [10.91421, 4.55153, 5.65311]},
			"faces": {
				"north": {"uv": [0, 0, 0.5, 2], "texture": "#1"},
				"east": {"uv": [0, 0, 2, 2], "texture": "#0"},
				"south": {"uv": [0, 0, 0.5, 2], "texture": "#1"},
				"west": {"uv": [0, 0, 2, 2], "texture": "#1"},
				"up": {"uv": [0, 0, 0.5, 2], "texture": "#1"},
				"down": {"uv": [0, 0, 0.5, 2], "texture": "#1"}
			}
		},
		{
			"from": [10.56066, 1.49187, 7.06732],
			"to": [11.06066, 3.49187, 9.06732],
			"rotation": {"angle": -45, "axis": "z", "origin": [10.56066, 2.49187, 8.06732]},
			"faces": {
				"north": {"uv": [0, 0, 0.5, 2], "texture": "#1"},
				"east": {"uv": [0, 0, 2, 2], "texture": "#0"},
				"south": {"uv": [0, 0, 0.5, 2], "texture": "#1"},
				"west": {"uv": [0, 0, 2, 2], "texture": "#1"},
				"up": {"uv": [0, 0, 0.5, 2], "texture": "#1"},
				"down": {"uv": [0, 0, 0.5, 2], "texture": "#1"}
			}
		},
		{
			"from": [10.41421, 3.55153, 9.48153],
			"to": [10.91421, 5.55153, 11.48153],
			"rotation": {"angle": -45, "axis": "y", "origin": [10.91421, 4.55153, 10.48153]},
			"faces": {
				"north": {"uv": [0, 0, 0.5, 2], "texture": "#1"},
				"east": {"uv": [0, 0, 2, 2], "texture": "#0"},
				"south": {"uv": [0, 0, 0.5, 2], "texture": "#1"},
				"west": {"uv": [0, 0, 2, 2], "texture": "#1"},
				"up": {"uv": [0, 0, 0.5, 2], "texture": "#1"},
				"down": {"uv": [0, 0, 0.5, 2], "texture": "#1"}
			}
		},
		{
			"from": [5.93934, 3.55153, 9.12798],
			"to": [6.43934, 5.55153, 11.12798],
			"rotation": {"angle": 45, "axis": "y", "origin": [6.43934, 4.55153, 10.12798]},
			"faces": {
				"north": {"uv": [0, 0, 0.5, 2], "texture": "#1"},
				"east": {"uv": [0, 0, 2, 2], "texture": "#1"},
				"south": {"uv": [0, 0, 0.5, 2], "texture": "#1"},
				"west": {"uv": [0, 0, 2, 2], "texture": "#0"},
				"up": {"uv": [0, 0, 0.5, 2], "texture": "#1"},
				"down": {"uv": [0, 0, 0.5, 2], "texture": "#1"}
			}
		},
		{
			"from": [7.5, 6.97285, 8.77443],
			"to": [9.5, 7.67285, 9.77443],
			"rotation": {"angle": 0, "axis": "y", "origin": [8.85, 7.47285, 10.27443]},
			"faces": {
				"north": {"uv": [0, 0, 2, 0.7], "texture": "#1"},
				"east": {"uv": [0, 0, 1, 0.7], "texture": "#1"},
				"south": {"uv": [0, 0, 2, 0.7], "texture": "#1"},
				"west": {"uv": [0, 0, 1, 0.7], "texture": "#0"},
				"up": {"uv": [0, 0, 1, 2], "rotation": 270, "texture": "#0"},
				"down": {"uv": [0, 0, 1, 2], "rotation": 90, "texture": "#1"}
			}
		},
		{
			"from": [9.20711, 6.97285, 7.06732],
			"to": [10.20711, 7.67285, 9.06732],
			"rotation": {"angle": 0, "axis": "y", "origin": [9.20711, 6.97285, 7.06732]},
			"faces": {
				"north": {"uv": [0, 0, 1, 0.7], "texture": "#1"},
				"east": {"uv": [0, 0, 2, 0.7], "texture": "#1"},
				"south": {"uv": [0, 0, 1, 0.7], "texture": "#1"},
				"west": {"uv": [0, 0, 2, 0.7], "texture": "#1"},
				"up": {"uv": [0, 0, 1, 2], "texture": "#0"},
				"down": {"uv": [0, 0, 1, 2], "texture": "#1"}
			}
		},
		{
			"from": [7.5, 6.97285, 6.36021],
			"to": [9.5, 7.67285, 7.36021],
			"rotation": {"angle": 0, "axis": "y", "origin": [8.85, 7.47285, 7.86021]},
			"faces": {
				"north": {"uv": [0, 0, 2, 0.7], "texture": "#1"},
				"east": {"uv": [0, 0, 1, 0.7], "texture": "#1"},
				"south": {"uv": [0, 0, 2, 0.7], "texture": "#1"},
				"west": {"uv": [0, 0, 1, 0.7], "texture": "#0"},
				"up": {"uv": [0, 0, 1, 2], "rotation": 270, "texture": "#0"},
				"down": {"uv": [0, 0, 1, 2], "rotation": 90, "texture": "#1"}
			}
		},
		{
			"from": [6.79289, 6.97285, 7.06732],
			"to": [7.79289, 7.67285, 9.06732],
			"rotation": {"angle": 0, "axis": "y", "origin": [6.79289, 6.97285, 7.06732]},
			"faces": {
				"north": {"uv": [0, 0, 1, 0.7], "texture": "#1"},
				"east": {"uv": [0, 0, 2, 0.7], "texture": "#1"},
				"south": {"uv": [0, 0, 1, 0.7], "texture": "#1"},
				"west": {"uv": [0, 0, 2, 0.7], "texture": "#0"},
				"up": {"uv": [0, 0, 1, 2], "texture": "#0"},
				"down": {"uv": [0, 0, 1, 2], "texture": "#1"}
			}
		},
		{
			"from": [8, 6.97285, 8.78153],
			"to": [9, 7.67285, 9.98153],
			"rotation": {"angle": 45, "axis": "y", "origin": [8.5, 7.67285, 8.06732]},
			"faces": {
				"north": {"uv": [0, 0, 0.7, 1], "rotation": 270, "texture": "#1"},
				"east": {"uv": [0, 0, 1.2, 0.7], "rotation": 180, "texture": "#1"},
				"south": {"uv": [0, 0, 0.7, 1], "rotation": 90, "texture": "#1"},
				"west": {"uv": [0, 0, 1.2, 0.7], "texture": "#0"},
				"up": {"uv": [0, 0, 1.2, 1], "rotation": 90, "texture": "#0"},
				"down": {"uv": [0, 0, 1.2, 1], "rotation": 90, "texture": "#1"}
			}
		},
		{
			"from": [8, 6.97285, 6.15311],
			"to": [9, 7.67285, 7.35311],
			"rotation": {"angle": 45, "axis": "y", "origin": [8.5, 7.67285, 8.06732]},
			"faces": {
				"north": {"uv": [0, 0, 0.7, 1], "rotation": 270, "texture": "#1"},
				"east": {"uv": [0, 0, 1.2, 0.7], "rotation": 180, "texture": "#1"},
				"south": {"uv": [0, 0, 0.7, 1], "rotation": 90, "texture": "#1"},
				"west": {"uv": [0, 0, 1.2, 0.7], "texture": "#0"},
				"up": {"uv": [0, 0, 1.2, 1], "rotation": 90, "texture": "#0"},
				"down": {"uv": [0, 0, 1.2, 1], "rotation": 90, "texture": "#1"}
			}
		},
		{
			"from": [9.21421, 6.97285, 7.56732],
			"to": [10.41421, 7.67285, 8.56732],
			"rotation": {"angle": 45, "axis": "y", "origin": [8.5, 7.67285, 8.06732]},
			"faces": {
				"north": {"uv": [0, 0, 1.2, 0.7], "texture": "#1"},
				"east": {"uv": [0, 0, 0.7, 1], "rotation": 270, "texture": "#1"},
				"south": {"uv": [0, 0, 1.2, 0.7], "rotation": 180, "texture": "#1"},
				"west": {"uv": [0, 0, 0.7, 1], "rotation": 90, "texture": "#1"},
				"up": {"uv": [0, 0, 1.2, 1], "rotation": 180, "texture": "#0"},
				"down": {"uv": [0, 0, 1.2, 1], "texture": "#1"}
			}
		},
		{
			"from": [6.58579, 6.97285, 7.56732],
			"to": [7.78579, 7.67285, 8.56732],
			"rotation": {"angle": 45, "axis": "y", "origin": [8.5, 7.67285, 8.06732]},
			"faces": {
				"north": {"uv": [0, 0, 1.2, 0.7], "texture": "#1"},
				"east": {"uv": [0, 0, 0.7, 1], "rotation": 270, "texture": "#1"},
				"south": {"uv": [0, 0, 1.2, 0.7], "rotation": 180, "texture": "#1"},
				"west": {"uv": [0, 0, 0.7, 1], "rotation": 90, "texture": "#1"},
				"up": {"uv": [0, 0, 1.2, 1], "rotation": 180, "texture": "#0"},
				"down": {"uv": [0, 0, 1.2, 1], "texture": "#1"}
			}
		},
		{
			"from": [7.5, 2.84442, 4.946],
			"to": [9.5, 3.84442, 5.646],
			"rotation": {"angle": 0, "axis": "y", "origin": [9.2, 9.55149, 5.446]},
			"faces": {
				"north": {"uv": [0, 0, 1, 2], "rotation": 270, "texture": "#0"},
				"east": {"uv": [0, 0, 1, 0.7], "rotation": 90, "texture": "#1"},
				"south": {"uv": [0, 0, 1, 2], "rotation": 270, "texture": "#1"},
				"west": {"uv": [0, 0, 1, 0.7], "rotation": 270, "texture": "#1"},
				"up": {"uv": [0, 0, 2, 0.7], "texture": "#1"},
				"down": {"uv": [0, 0, 2, 0.7], "rotation": 180, "texture": "#1"}
			}
		},
		{
			"from": [6.79289, 3.55153, 4.946],
			"to": [7.79289, 5.55153, 5.646],
			"rotation": {"angle": 0, "axis": "y", "origin": [8.5, 9.55153, 5.446]},
			"faces": {
				"north": {"uv": [0, 0, 1, 2], "texture": "#0"},
				"east": {"uv": [0, 0, 2, 0.7], "rotation": 90, "texture": "#1"},
				"south": {"uv": [0, 0, 1, 2], "rotation": 180, "texture": "#1"},
				"west": {"uv": [0, 0, 2, 0.7], "rotation": 270, "texture": "#1"},
				"up": {"uv": [0, 0, 1, 0.7], "texture": "#1"},
				"down": {"uv": [0, 0, 1, 0.7], "rotation": 180, "texture": "#1"}
			}
		},
		{
			"from": [7.5, 5.25864, 4.946],
			"to": [9.5, 6.25864, 5.646],
			"rotation": {"angle": 0, "axis": "y", "origin": [8.5, 9.55153, 5.446]},
			"faces": {
				"north": {"uv": [0, 0, 1, 2], "rotation": 270, "texture": "#0"},
				"east": {"uv": [0, 0, 1, 0.7], "rotation": 90, "texture": "#1"},
				"south": {"uv": [0, 0, 1, 2], "rotation": 270, "texture": "#1"},
				"west": {"uv": [0, 0, 1, 0.7], "rotation": 270, "texture": "#1"},
				"up": {"uv": [0, 0, 2, 0.7], "texture": "#1"},
				"down": {"uv": [0, 0, 2, 0.7], "rotation": 180, "texture": "#1"}
			}
		},
		{
			"from": [9.20711, 3.55153, 4.946],
			"to": [10.20711, 5.55153, 5.646],
			"rotation": {"angle": 0, "axis": "y", "origin": [8.5, 10.25153, 5.446]},
			"faces": {
				"north": {"uv": [0, 0, 1, 2], "texture": "#0"},
				"east": {"uv": [0, 0, 2, 0.7], "rotation": 90, "texture": "#1"},
				"south": {"uv": [0, 0, 1, 2], "rotation": 180, "texture": "#1"},
				"west": {"uv": [0, 0, 2, 0.7], "rotation": 270, "texture": "#1"},
				"up": {"uv": [0, 0, 1, 0.7], "texture": "#1"},
				"down": {"uv": [0, 0, 1, 0.7], "rotation": 180, "texture": "#1"}
			}
		},
		{
			"from": [8.56569, 5.61722, 4.946],
			"to": [9.76569, 6.61722, 5.646],
			"rotation": {"angle": 45, "axis": "z", "origin": [10.06569, 6.11722, 5.446]},
			"faces": {
				"north": {"uv": [0, 0, 1.2, 1], "texture": "#0"},
				"east": {"uv": [0, 0, 0.7, 1], "texture": "#1"},
				"south": {"uv": [0, 0, 1.2, 1], "texture": "#1"},
				"west": {"uv": [0, 0, 0.7, 1], "texture": "#1"},
				"up": {"uv": [0, 0, 1.2, 0.7], "texture": "#1"},
				"down": {"uv": [0, 0, 1.2, 0.7], "texture": "#1"}
			}
		},
		{
			"from": [6.70711, 3.75864, 4.946],
			"to": [7.90711, 4.75864, 5.646],
			"rotation": {"angle": 45, "axis": "z", "origin": [8.20711, 4.25864, 5.446]},
			"faces": {
				"north": {"uv": [0, 0, 1.2, 1], "texture": "#0"},
				"east": {"uv": [0, 0, 0.7, 1], "texture": "#1"},
				"south": {"uv": [0, 0, 1.2, 1], "texture": "#1"},
				"west": {"uv": [0, 0, 0.7, 1], "texture": "#1"},
				"up": {"uv": [0, 0, 1.2, 0.7], "texture": "#1"},
				"down": {"uv": [0, 0, 1.2, 0.7], "texture": "#1"}
			}
		},
		{
			"from": [6.97071, 4.98082, 4.946],
			"to": [8.17071, 5.98082, 5.646],
			"rotation": {"angle": -45, "axis": "z", "origin": [7.57071, 5.48082, 5.646]},
			"faces": {
				"north": {"uv": [0, 0, 1.2, 1], "texture": "#0"},
				"east": {"uv": [0, 0, 0.7, 1], "texture": "#1"},
				"south": {"uv": [0, 0, 1.2, 1], "texture": "#1"},
				"west": {"uv": [0, 0, 0.7, 1], "texture": "#1"},
				"up": {"uv": [0, 0, 1.2, 0.7], "texture": "#1"},
				"down": {"uv": [0, 0, 1.2, 0.7], "texture": "#1"}
			}
		},
		{
			"from": [8.82929, 3.12224, 4.946],
			"to": [10.02929, 4.12224, 5.646],
			"rotation": {"angle": -45, "axis": "z", "origin": [9.42929, 3.62224, 5.646]},
			"faces": {
				"north": {"uv": [0, 0, 1.2, 1], "texture": "#0"},
				"east": {"uv": [0, 0, 0.7, 1], "texture": "#1"},
				"south": {"uv": [0, 0, 1.2, 1], "texture": "#1"},
				"west": {"uv": [0, 0, 0.7, 1], "texture": "#1"},
				"up": {"uv": [0, 0, 1.2, 0.7], "texture": "#1"},
				"down": {"uv": [0, 0, 1.2, 0.7], "texture": "#1"}
			}
		},
		{
			"from": [7.5, 2.84442, 10.48964],
			"to": [9.5, 3.84442, 11.18964],
			"rotation": {"angle": 0, "axis": "y", "origin": [9.2, 9.55149, 10.98964]},
			"faces": {
				"north": {"uv": [0, 0, 1, 2], "rotation": 270, "texture": "#1"},
				"east": {"uv": [0, 0, 1, 0.7], "rotation": 90, "texture": "#1"},
				"south": {"uv": [0, 0, 1, 2], "rotation": 270, "texture": "#0"},
				"west": {"uv": [0, 0, 1, 0.7], "rotation": 270, "texture": "#1"},
				"up": {"uv": [0, 0, 2, 0.7], "texture": "#1"},
				"down": {"uv": [0, 0, 2, 0.7], "rotation": 180, "texture": "#1"}
			}
		},
		{
			"from": [6.79289, 3.55153, 10.48964],
			"to": [7.79289, 5.55153, 11.18964],
			"rotation": {"angle": 0, "axis": "y", "origin": [8.5, 9.55153, 10.98964]},
			"faces": {
				"north": {"uv": [0, 0, 1, 2], "texture": "#1"},
				"east": {"uv": [0, 0, 2, 0.7], "rotation": 90, "texture": "#1"},
				"south": {"uv": [0, 0, 1, 2], "rotation": 180, "texture": "#0"},
				"west": {"uv": [0, 0, 2, 0.7], "rotation": 270, "texture": "#1"},
				"up": {"uv": [0, 0, 1, 0.7], "texture": "#1"},
				"down": {"uv": [0, 0, 1, 0.7], "rotation": 180, "texture": "#1"}
			}
		},
		{
			"from": [7.5, 5.25864, 10.48964],
			"to": [9.5, 6.25864, 11.18964],
			"rotation": {"angle": 0, "axis": "y", "origin": [8.5, 9.55153, 10.98964]},
			"faces": {
				"north": {"uv": [0, 0, 1, 2], "rotation": 270, "texture": "#1"},
				"east": {"uv": [0, 0, 1, 0.7], "rotation": 90, "texture": "#1"},
				"south": {"uv": [0, 0, 1, 2], "rotation": 270, "texture": "#0"},
				"west": {"uv": [0, 0, 1, 0.7], "rotation": 270, "texture": "#1"},
				"up": {"uv": [0, 0, 2, 0.7], "texture": "#1"},
				"down": {"uv": [0, 0, 2, 0.7], "rotation": 180, "texture": "#1"}
			}
		},
		{
			"from": [9.20711, 3.55153, 10.48964],
			"to": [10.20711, 5.55153, 11.18964],
			"rotation": {"angle": 0, "axis": "y", "origin": [8.5, 10.25153, 10.98964]},
			"faces": {
				"north": {"uv": [0, 0, 1, 2], "texture": "#1"},
				"east": {"uv": [0, 0, 2, 0.7], "rotation": 90, "texture": "#1"},
				"south": {"uv": [0, 0, 1, 2], "rotation": 180, "texture": "#0"},
				"west": {"uv": [0, 0, 2, 0.7], "rotation": 270, "texture": "#1"},
				"up": {"uv": [0, 0, 1, 0.7], "texture": "#1"},
				"down": {"uv": [0, 0, 1, 0.7], "rotation": 180, "texture": "#1"}
			}
		},
		{
			"from": [8.56569, 5.61722, 10.48864],
			"to": [9.76569, 6.61722, 11.18864],
			"rotation": {"angle": 45, "axis": "z", "origin": [10.06569, 6.11722, 10.98864]},
			"faces": {
				"north": {"uv": [0, 0, 1.2, 1], "texture": "#1"},
				"east": {"uv": [0, 0, 0.7, 1], "texture": "#1"},
				"south": {"uv": [0, 0, 1.2, 1], "texture": "#0"},
				"west": {"uv": [0, 0, 0.7, 1], "texture": "#1"},
				"up": {"uv": [0, 0, 1.2, 0.7], "texture": "#1"},
				"down": {"uv": [0, 0, 1.2, 0.7], "texture": "#1"}
			}
		},
		{
			"from": [6.70711, 3.75864, 10.48864],
			"to": [7.90711, 4.75864, 11.18864],
			"rotation": {"angle": 45, "axis": "z", "origin": [8.20711, 4.25864, 10.98864]},
			"faces": {
				"north": {"uv": [0, 0, 1.2, 1], "texture": "#1"},
				"east": {"uv": [0, 0, 0.7, 1], "texture": "#1"},
				"south": {"uv": [0, 0, 1.2, 1], "texture": "#0"},
				"west": {"uv": [0, 0, 0.7, 1], "texture": "#1"},
				"up": {"uv": [0, 0, 1.2, 0.7], "texture": "#1"},
				"down": {"uv": [0, 0, 1.2, 0.7], "texture": "#1"}
			}
		},
		{
			"from": [6.97071, 4.98082, 10.48864],
			"to": [8.17071, 5.98082, 11.18864],
			"rotation": {"angle": -45, "axis": "z", "origin": [7.57071, 5.48082, 11.18864]},
			"faces": {
				"north": {"uv": [0, 0, 1.2, 1], "texture": "#1"},
				"east": {"uv": [0, 0, 0.7, 1], "texture": "#1"},
				"south": {"uv": [0, 0, 1.2, 1], "texture": "#0"},
				"west": {"uv": [0, 0, 0.7, 1], "texture": "#1"},
				"up": {"uv": [0, 0, 1.2, 0.7], "texture": "#1"},
				"down": {"uv": [0, 0, 1.2, 0.7], "texture": "#1"}
			}
		},
		{
			"from": [8.82929, 3.12224, 10.48864],
			"to": [10.02929, 4.12224, 11.18864],
			"rotation": {"angle": -45, "axis": "z", "origin": [9.42929, 3.62224, 11.18864]},
			"faces": {
				"north": {"uv": [0, 0, 1.2, 1], "texture": "#1"},
				"east": {"uv": [0, 0, 0.7, 1], "texture": "#1"},
				"south": {"uv": [0, 0, 1.2, 1], "texture": "#0"},
				"west": {"uv": [0, 0, 0.7, 1], "texture": "#1"},
				"up": {"uv": [0, 0, 1.2, 0.7], "texture": "#1"},
				"down": {"uv": [0, 0, 1.2, 0.7], "texture": "#1"}
			}
		},
		{
			"from": [5.37868, 2.84442, 7.06732],
			"to": [6.07868, 3.84442, 9.06732],
			"rotation": {"angle": 0, "axis": "y", "origin": [5.87868, 4.55153, 8.06732]},
			"faces": {
				"north": {"uv": [0, 0, 1, 0.7], "rotation": 90, "texture": "#1"},
				"east": {"uv": [0, 0, 1, 2], "rotation": 270, "texture": "#1"},
				"south": {"uv": [0, 0, 1, 0.7], "rotation": 270, "texture": "#1"},
				"west": {"uv": [0, 0, 1, 2], "rotation": 270, "texture": "#0"},
				"up": {"uv": [0, 0, 2, 0.7], "rotation": 270, "texture": "#1"},
				"down": {"uv": [0, 0, 2, 0.7], "rotation": 270, "texture": "#1"}
			}
		},
		{
			"from": [5.37868, 3.55153, 8.77443],
			"to": [6.07868, 5.55153, 9.77443],
			"rotation": {"angle": 0, "axis": "y", "origin": [5.87868, 4.55153, 8.06732]},
			"faces": {
				"north": {"uv": [0, 0, 2, 0.7], "rotation": 90, "texture": "#1"},
				"east": {"uv": [0, 0, 1, 2], "rotation": 180, "texture": "#1"},
				"south": {"uv": [0, 0, 2, 0.7], "rotation": 270, "texture": "#1"},
				"west": {"uv": [0, 0, 1, 2], "texture": "#0"},
				"up": {"uv": [0, 0, 1, 0.7], "rotation": 270, "texture": "#1"},
				"down": {"uv": [0, 0, 1, 0.7], "rotation": 270, "texture": "#1"}
			}
		},
		{
			"from": [5.37868, 5.25864, 7.06732],
			"to": [6.07868, 6.25864, 9.06732],
			"rotation": {"angle": 0, "axis": "y", "origin": [5.87868, 4.55153, 8.06732]},
			"faces": {
				"north": {"uv": [0, 0, 1, 0.7], "rotation": 90, "texture": "#1"},
				"east": {"uv": [0, 0, 1, 2], "rotation": 270, "texture": "#1"},
				"south": {"uv": [0, 0, 1, 0.7], "rotation": 270, "texture": "#1"},
				"west": {"uv": [0, 0, 1, 2], "rotation": 270, "texture": "#0"},
				"up": {"uv": [0, 0, 2, 0.7], "rotation": 270, "texture": "#1"},
				"down": {"uv": [0, 0, 2, 0.7], "rotation": 270, "texture": "#1"}
			}
		},
		{
			"from": [5.37868, 3.55153, 6.36021],
			"to": [6.07868, 5.55153, 7.36021],
			"rotation": {"angle": 0, "axis": "y", "origin": [5.87868, 4.55153, 8.06732]},
			"faces": {
				"north": {"uv": [0, 0, 2, 0.7], "rotation": 90, "texture": "#1"},
				"east": {"uv": [0, 0, 1, 2], "rotation": 180, "texture": "#1"},
				"south": {"uv": [0, 0, 2, 0.7], "rotation": 270, "texture": "#1"},
				"west": {"uv": [0, 0, 1, 2], "texture": "#0"},
				"up": {"uv": [0, 0, 1, 0.7], "rotation": 270, "texture": "#1"},
				"down": {"uv": [0, 0, 1, 0.7], "rotation": 270, "texture": "#1"}
			}
		},
		{
			"from": [5.37868, 5.26574, 7.56732],
			"to": [6.07868, 6.46574, 8.56732],
			"rotation": {"angle": 45, "axis": "x", "origin": [6.07868, 4.55153, 8.06732]},
			"faces": {
				"north": {"uv": [0, 0, 1.2, 0.7], "rotation": 270, "texture": "#1"},
				"east": {"uv": [0, 0, 1.2, 1], "rotation": 270, "texture": "#1"},
				"south": {"uv": [0, 0, 1.2, 0.7], "rotation": 270, "texture": "#1"},
				"west": {"uv": [0, 0, 1.2, 1], "rotation": 90, "texture": "#0"},
				"up": {"uv": [0, 0, 0.7, 1], "rotation": 180, "texture": "#1"},
				"down": {"uv": [0, 0, 0.7, 1], "texture": "#1"}
			}
		},
		{
			"from": [5.37868, 2.63732, 7.56732],
			"to": [6.07868, 3.83732, 8.56732],
			"rotation": {"angle": 45, "axis": "x", "origin": [6.07868, 4.55153, 8.06732]},
			"faces": {
				"north": {"uv": [0, 0, 1.2, 0.7], "rotation": 270, "texture": "#1"},
				"east": {"uv": [0, 0, 1.2, 1], "rotation": 270, "texture": "#1"},
				"south": {"uv": [0, 0, 1.2, 0.7], "rotation": 270, "texture": "#1"},
				"west": {"uv": [0, 0, 1.2, 1], "rotation": 90, "texture": "#0"},
				"up": {"uv": [0, 0, 0.7, 1], "rotation": 180, "texture": "#1"},
				"down": {"uv": [0, 0, 0.7, 1], "texture": "#1"}
			}
		},
		{
			"from": [5.37868, 4.05153, 8.78153],
			"to": [6.07868, 5.05153, 9.98153],
			"rotation": {"angle": 45, "axis": "x", "origin": [6.07868, 4.55153, 8.06732]},
			"faces": {
				"north": {"uv": [0, 0, 0.7, 1], "texture": "#1"},
				"east": {"uv": [0, 0, 1.2, 1], "texture": "#1"},
				"south": {"uv": [0, 0, 0.7, 1], "texture": "#1"},
				"west": {"uv": [0, 0, 1.2, 1], "texture": "#0"},
				"up": {"uv": [0, 0, 1.2, 0.7], "rotation": 270, "texture": "#1"},
				"down": {"uv": [0, 0, 1.2, 0.7], "rotation": 90, "texture": "#1"}
			}
		},
		{
			"from": [5.37868, 4.05153, 6.15311],
			"to": [6.07868, 5.05153, 7.35311],
			"rotation": {"angle": 45, "axis": "x", "origin": [6.07868, 4.55153, 8.06732]},
			"faces": {
				"north": {"uv": [0, 0, 0.7, 1], "texture": "#1"},
				"east": {"uv": [0, 0, 1.2, 1], "texture": "#1"},
				"south": {"uv": [0, 0, 0.7, 1], "texture": "#1"},
				"west": {"uv": [0, 0, 1.2, 1], "texture": "#0"},
				"up": {"uv": [0, 0, 1.2, 0.7], "rotation": 270, "texture": "#1"},
				"down": {"uv": [0, 0, 1.2, 0.7], "rotation": 90, "texture": "#1"}
			}
		},
		{
			"from": [10.92132, 2.84442, 7.06732],
			"to": [11.62132, 3.84442, 9.06732],
			"rotation": {"angle": 0, "axis": "y", "origin": [11.42132, 4.55153, 8.06732]},
			"faces": {
				"north": {"uv": [0, 0, 1, 0.7], "rotation": 90, "texture": "#1"},
				"east": {"uv": [0, 0, 1, 2], "rotation": 270, "texture": "#0"},
				"south": {"uv": [0, 0, 1, 0.7], "rotation": 270, "texture": "#1"},
				"west": {"uv": [0, 0, 1, 2], "rotation": 270, "texture": "#1"},
				"up": {"uv": [0, 0, 2, 0.7], "rotation": 270, "texture": "#1"},
				"down": {"uv": [0, 0, 2, 0.7], "rotation": 270, "texture": "#1"}
			}
		},
		{
			"from": [10.92132, 3.55153, 8.77443],
			"to": [11.62132, 5.55153, 9.77443],
			"rotation": {"angle": 0, "axis": "y", "origin": [11.42132, 4.55153, 8.06732]},
			"faces": {
				"north": {"uv": [0, 0, 2, 0.7], "rotation": 90, "texture": "#1"},
				"east": {"uv": [0, 0, 1, 2], "rotation": 180, "texture": "#0"},
				"south": {"uv": [0, 0, 2, 0.7], "rotation": 270, "texture": "#1"},
				"west": {"uv": [0, 0, 1, 2], "texture": "#1"},
				"up": {"uv": [0, 0, 1, 0.7], "rotation": 270, "texture": "#1"},
				"down": {"uv": [0, 0, 1, 0.7], "rotation": 270, "texture": "#1"}
			}
		},
		{
			"from": [10.92132, 5.25864, 7.06732],
			"to": [11.62132, 6.25864, 9.06732],
			"rotation": {"angle": 0, "axis": "y", "origin": [11.42132, 4.55153, 8.06732]},
			"faces": {
				"north": {"uv": [0, 0, 1, 0.7], "rotation": 90, "texture": "#1"},
				"east": {"uv": [0, 0, 1, 2], "rotation": 270, "texture": "#0"},
				"south": {"uv": [0, 0, 1, 0.7], "rotation": 270, "texture": "#1"},
				"west": {"uv": [0, 0, 1, 2], "rotation": 270, "texture": "#1"},
				"up": {"uv": [0, 0, 2, 0.7], "rotation": 270, "texture": "#1"},
				"down": {"uv": [0, 0, 2, 0.7], "rotation": 270, "texture": "#1"}
			}
		},
		{
			"from": [10.92132, 3.55153, 6.36021],
			"to": [11.62132, 5.55153, 7.36021],
			"rotation": {"angle": 0, "axis": "y", "origin": [11.42132, 4.55153, 8.06732]},
			"faces": {
				"north": {"uv": [0, 0, 2, 0.7], "rotation": 90, "texture": "#1"},
				"east": {"uv": [0, 0, 1, 2], "rotation": 180, "texture": "#0"},
				"south": {"uv": [0, 0, 2, 0.7], "rotation": 270, "texture": "#1"},
				"west": {"uv": [0, 0, 1, 2], "texture": "#1"},
				"up": {"uv": [0, 0, 1, 0.7], "rotation": 270, "texture": "#1"},
				"down": {"uv": [0, 0, 1, 0.7], "rotation": 270, "texture": "#1"}
			}
		},
		{
			"from": [10.92132, 5.26574, 7.56732],
			"to": [11.62132, 6.46574, 8.56732],
			"rotation": {"angle": 45, "axis": "x", "origin": [11.62132, 4.55153, 8.06732]},
			"faces": {
				"north": {"uv": [0, 0, 1.2, 0.7], "rotation": 270, "texture": "#1"},
				"east": {"uv": [0, 0, 1.2, 1], "rotation": 270, "texture": "#0"},
				"south": {"uv": [0, 0, 1.2, 0.7], "rotation": 270, "texture": "#1"},
				"west": {"uv": [0, 0, 1.2, 1], "rotation": 90, "texture": "#1"},
				"up": {"uv": [0, 0, 0.7, 1], "rotation": 180, "texture": "#1"},
				"down": {"uv": [0, 0, 0.7, 1], "texture": "#1"}
			}
		},
		{
			"from": [10.92132, 2.63732, 7.56732],
			"to": [11.62132, 3.83732, 8.56732],
			"rotation": {"angle": 45, "axis": "x", "origin": [11.62132, 4.55153, 8.06732]},
			"faces": {
				"north": {"uv": [0, 0, 1.2, 0.7], "rotation": 270, "texture": "#1"},
				"east": {"uv": [0, 0, 1.2, 1], "rotation": 270, "texture": "#0"},
				"south": {"uv": [0, 0, 1.2, 0.7], "rotation": 270, "texture": "#1"},
				"west": {"uv": [0, 0, 1.2, 1], "rotation": 90, "texture": "#1"},
				"up": {"uv": [0, 0, 0.7, 1], "rotation": 180, "texture": "#1"},
				"down": {"uv": [0, 0, 0.7, 1], "texture": "#1"}
			}
		},
		{
			"from": [10.92132, 4.05153, 8.78153],
			"to": [11.62132, 5.05153, 9.98153],
			"rotation": {"angle": 45, "axis": "x", "origin": [11.62132, 4.55153, 8.06732]},
			"faces": {
				"north": {"uv": [0, 0, 0.7, 1], "texture": "#1"},
				"east": {"uv": [0, 0, 1.2, 1], "texture": "#0"},
				"south": {"uv": [0, 0, 0.7, 1], "texture": "#1"},
				"west": {"uv": [0, 0, 1.2, 1], "texture": "#1"},
				"up": {"uv": [0, 0, 1.2, 0.7], "rotation": 270, "texture": "#1"},
				"down": {"uv": [0, 0, 1.2, 0.7], "rotation": 90, "texture": "#1"}
			}
		},
		{
			"from": [10.92132, 4.05153, 6.15311],
			"to": [11.62132, 5.05153, 7.35311],
			"rotation": {"angle": 45, "axis": "x", "origin": [11.62132, 4.55153, 8.06732]},
			"faces": {
				"north": {"uv": [0, 0, 0.7, 1], "texture": "#1"},
				"east": {"uv": [0, 0, 1.2, 1], "texture": "#0"},
				"south": {"uv": [0, 0, 0.7, 1], "texture": "#1"},
				"west": {"uv": [0, 0, 1.2, 1], "texture": "#1"},
				"up": {"uv": [0, 0, 1.2, 0.7], "rotation": 270, "texture": "#1"},
				"down": {"uv": [0, 0, 1.2, 0.7], "rotation": 90, "texture": "#1"}
			}
		},
		{
			"from": [7.5, 1.43021, 8.77443],
			"to": [9.5, 2.13021, 9.77443],
			"rotation": {"angle": 0, "axis": "y", "origin": [8.85, 1.93021, 10.27443]},
			"faces": {
				"north": {"uv": [0, 0, 2, 0.7], "texture": "#1"},
				"east": {"uv": [0, 0, 1, 0.7], "texture": "#1"},
				"south": {"uv": [0, 0, 2, 0.7], "texture": "#1"},
				"west": {"uv": [0, 0, 1, 0.7], "texture": "#1"},
				"up": {"uv": [0, 0, 1, 2], "rotation": 270, "texture": "#1"},
				"down": {"uv": [0, 0, 1, 2], "rotation": 90, "texture": "#0"}
			}
		},
		{
			"from": [9.20711, 1.43021, 7.06732],
			"to": [10.20711, 2.13021, 9.06732],
			"rotation": {"angle": 0, "axis": "y", "origin": [9.20711, 1.43021, 7.06732]},
			"faces": {
				"north": {"uv": [0, 0, 1, 0.7], "texture": "#1"},
				"east": {"uv": [0, 0, 2, 0.7], "texture": "#1"},
				"south": {"uv": [0, 0, 1, 0.7], "texture": "#1"},
				"west": {"uv": [0, 0, 2, 0.7], "texture": "#1"},
				"up": {"uv": [0, 0, 1, 2], "texture": "#1"},
				"down": {"uv": [0, 0, 1, 2], "texture": "#0"}
			}
		},
		{
			"from": [7.5, 1.43021, 6.36021],
			"to": [9.5, 2.13021, 7.36021],
			"rotation": {"angle": 0, "axis": "y", "origin": [8.85, 1.93021, 7.86021]},
			"faces": {
				"north": {"uv": [0, 0, 2, 0.7], "texture": "#1"},
				"east": {"uv": [0, 0, 1, 0.7], "texture": "#1"},
				"south": {"uv": [0, 0, 2, 0.7], "texture": "#1"},
				"west": {"uv": [0, 0, 1, 0.7], "texture": "#1"},
				"up": {"uv": [0, 0, 1, 2], "rotation": 270, "texture": "#1"},
				"down": {"uv": [0, 0, 1, 2], "rotation": 90, "texture": "#0"}
			}
		},
		{
			"from": [6.79289, 1.43021, 7.06732],
			"to": [7.79289, 2.13021, 9.06732],
			"rotation": {"angle": 0, "axis": "y", "origin": [6.79289, 1.43021, 7.06732]},
			"faces": {
				"north": {"uv": [0, 0, 1, 0.7], "texture": "#1"},
				"east": {"uv": [0, 0, 2, 0.7], "texture": "#1"},
				"south": {"uv": [0, 0, 1, 0.7], "texture": "#1"},
				"west": {"uv": [0, 0, 2, 0.7], "texture": "#1"},
				"up": {"uv": [0, 0, 1, 2], "texture": "#1"},
				"down": {"uv": [0, 0, 1, 2], "texture": "#0"}
			}
		},
		{
			"from": [8, 1.43021, 8.78153],
			"to": [9, 2.13021, 9.98153],
			"rotation": {"angle": 45, "axis": "y", "origin": [8.5, 2.13021, 8.06732]},
			"faces": {
				"north": {"uv": [0, 0, 0.7, 1], "rotation": 270, "texture": "#1"},
				"east": {"uv": [0, 0, 1.2, 0.7], "rotation": 180, "texture": "#1"},
				"south": {"uv": [0, 0, 0.7, 1], "rotation": 90, "texture": "#1"},
				"west": {"uv": [0, 0, 1.2, 0.7], "texture": "#1"},
				"up": {"uv": [0, 0, 1.2, 1], "rotation": 90, "texture": "#1"},
				"down": {"uv": [0, 0, 1.2, 1], "rotation": 90, "texture": "#0"}
			}
		},
		{
			"from": [8, 1.43021, 6.15311],
			"to": [9, 2.13021, 7.35311],
			"rotation": {"angle": 45, "axis": "y", "origin": [8.5, 2.13021, 8.06732]},
			"faces": {
				"north": {"uv": [0, 0, 0.7, 1], "rotation": 270, "texture": "#1"},
				"east": {"uv": [0, 0, 1.2, 0.7], "rotation": 180, "texture": "#1"},
				"south": {"uv": [0, 0, 0.7, 1], "rotation": 90, "texture": "#1"},
				"west": {"uv": [0, 0, 1.2, 0.7], "texture": "#1"},
				"up": {"uv": [0, 0, 1.2, 1], "rotation": 90, "texture": "#1"},
				"down": {"uv": [0, 0, 1.2, 1], "rotation": 90, "texture": "#0"}
			}
		},
		{
			"from": [9.21421, 1.43021, 7.56732],
			"to": [10.41421, 2.13021, 8.56732],
			"rotation": {"angle": 45, "axis": "y", "origin": [8.5, 2.13021, 8.06732]},
			"faces": {
				"north": {"uv": [0, 0, 1.2, 0.7], "texture": "#1"},
				"east": {"uv": [0, 0, 0.7, 1], "rotation": 270, "texture": "#1"},
				"south": {"uv": [0, 0, 1.2, 0.7], "rotation": 180, "texture": "#1"},
				"west": {"uv": [0, 0, 0.7, 1], "rotation": 90, "texture": "#1"},
				"up": {"uv": [0, 0, 1.2, 1], "rotation": 180, "texture": "#1"},
				"down": {"uv": [0, 0, 1.2, 1], "texture": "#0"}
			}
		},
		{
			"from": [6.58579, 1.43021, 7.56732],
			"to": [7.78579, 2.13021, 8.56732],
			"rotation": {"angle": 45, "axis": "y", "origin": [8.5, 2.13021, 8.06732]},
			"faces": {
				"north": {"uv": [0, 0, 1.2, 0.7], "texture": "#1"},
				"east": {"uv": [0, 0, 0.7, 1], "rotation": 270, "texture": "#1"},
				"south": {"uv": [0, 0, 1.2, 0.7], "rotation": 180, "texture": "#1"},
				"west": {"uv": [0, 0, 0.7, 1], "rotation": 90, "texture": "#1"},
				"up": {"uv": [0, 0, 1.2, 1], "rotation": 180, "texture": "#1"},
				"down": {"uv": [0, 0, 1.2, 1], "texture": "#0"}
			}
		}
	],
	"display": {
		"thirdperson_righthand": {
			"translation": [0, 7.25, 0]
		},
		"thirdperson_lefthand": {
			"translation": [0, 7.25, 0]
		},
		"ground": {
			"translation": [0, 0.75, 0]
		},
		"gui": {
			"rotation": [25, -45, 0],
			"translation": [-0.25, 3.25, 0]
		},
		"head": {
			"translation": [1.5, -11, 0.5],
			"scale": [-3, -3, -3]
		},
		"fixed": {
			"translation": [-1, 4.5, 0]
		}
	},
	"groups": [
		{
			"name": "group",
			"origin": [7.5, 12, 6.67157],
			"color": 1,
			"children": [
				{
					"name": "group",
					"origin": [7.5, 12, 6.67157],
					"color": 1,
					"children": [0, 1, 2, 3,
						{
							"name": "group",
							"origin": [7.5, 12, 6.67157],
							"color": 1,
							"children": [4, 5, 6, 7]
						}
					]
				},
				{
					"name": "group",
					"origin": [7.5, 12, 6.67157],
					"color": 1,
					"children": [8, 9, 10, 11,
						{
							"name": "group",
							"origin": [7.5, 12, 6.67157],
							"color": 1,
							"children": [12, 13, 14, 15]
						}
					]
				},
				{
					"name": "group",
					"origin": [7.5, 12, 6.67157],
					"color": 1,
					"children": [16, 17, 18, 19,
						{
							"name": "group",
							"origin": [7.5, 12, 6.67157],
							"color": 1,
							"children": [20, 21, 22, 23]
						}
					]
				},
				{
					"name": "group",
					"origin": [7.5, 12, 6.67157],
					"color": 1,
					"children": [24, 25, 26, 27,
						{
							"name": "group",
							"origin": [7.5, 12, 6.67157],
							"color": 1,
							"children": [28, 29, 30, 31]
						}
					]
				},
				{
					"name": "group",
					"origin": [7.5, 12, 6.67157],
					"color": 1,
					"children": [32, 33, 34, 35,
						{
							"name": "group",
							"origin": [7.5, 12, 6.67157],
							"color": 1,
							"children": [36, 37, 38, 39]
						}
					]
				},
				{
					"name": "group",
					"origin": [7.5, 12, 6.67157],
					"color": 1,
					"children": [40, 41, 42, 43,
						{
							"name": "group",
							"origin": [7.5, 12, 6.67157],
							"color": 1,
							"children": [44, 45, 46, 47]
						}
					]
				},
				{
					"name": "group",
					"origin": [10.26777, 12.35355, 9.08579],
					"color": 1,
					"children": [
						{
							"name": "group",
							"origin": [10.26777, 12.35355, 9.08579],
							"color": 1,
							"children": [48, 49, 50, 51]
						},
						{
							"name": "group",
							"origin": [10.26777, 12.35355, 9.08579],
							"color": 1,
							"children": [52, 53, 54, 55]
						},
						{
							"name": "group",
							"origin": [10.26777, 12.35355, 9.08579],
							"color": 1,
							"children": [56, 57, 58, 59]
						}
					]
				}
			]
		},
		{
			"name": "ball",
			"origin": [8, 8, 8],
			"color": 0,
			"children": [
				{
					"name": "斜邊",
					"origin": [8, 8, 8],
					"color": 3,
					"children": [60, 61, 62, 63, 64, 65, 66, 67, 68, 69, 70, 71]
				},
				{
					"name": "面",
					"origin": [6.29289, 10.06066, 8.56066],
					"color": 7,
					"children": [
						{
							"name": "group",
							"origin": [6.29289, 10.06066, 8.56066],
							"color": 7,
							"children": [72, 73, 74, 75,
								{
									"name": "group",
									"origin": [9.56569, 9.50503, 6.93934],
									"color": 7,
									"children": [76, 77, 78, 79]
								}
							]
						},
						{
							"name": "group",
							"origin": [6.29289, 10.06066, 8.56066],
							"color": 7,
							"children": [80, 81, 82, 83,
								{
									"name": "group",
									"origin": [9.56569, 9.50503, 6.93934],
									"color": 7,
									"children": [84, 85, 86, 87]
								}
							]
						},
						{
							"name": "group",
							"origin": [6.29289, 10.06066, 8.56066],
							"color": 7,
							"children": [88, 89, 90, 91,
								{
									"name": "group",
									"origin": [9.56569, 9.50503, 6.93934],
									"color": 7,
									"children": [92, 93, 94, 95]
								}
							]
						},
						{
							"name": "group",
							"origin": [6.29289, 10.06066, 8.56066],
							"color": 7,
							"children": [96, 97, 98, 99,
								{
									"name": "group",
									"origin": [9.56569, 9.50503, 6.93934],
									"color": 7,
									"children": [100, 101, 102, 103]
								}
							]
						},
						{
							"name": "group",
							"origin": [6.29289, 10.06066, 8.56066],
							"color": 7,
							"children": [104, 105, 106, 107,
								{
									"name": "group",
									"origin": [9.56569, 9.50503, 6.93934],
									"color": 7,
									"children": [108, 109, 110, 111]
								}
							]
						},
						{
							"name": "group",
							"origin": [6.29289, 10.06066, 8.56066],
							"color": 7,
							"children": [112, 113, 114, 115,
								{
									"name": "group",
									"origin": [9.56569, 9.50503, 6.93934],
									"color": 7,
									"children": [116, 117, 118, 119]
								}
							]
						}
					]
				}
			]
		}
	]
}