{
	"credit": "Made with Blockbench,Made by EvilGod_Loki",
	"textures": {
		"0": "block/anvil",
		"particle": "block/anvil"
	},
	"elements": [
		{
			"from": [9.4316, 8.24603, 3.61065],
			"to": [9.62275, 9.20395, 3.85248],
			"rotation": {"angle": 22.5, "axis": "x", "origin": [9.68524, 8.80715, 5.66744]},
			"faces": {
				"north": {"uv": [7, 0, 8, 1], "rotation": 270, "texture": "#0"},
				"east": {"uv": [7, 0, 8, 1], "rotation": 180, "texture": "#0"},
				"south": {"uv": [7, 0, 8, 1], "rotation": 90, "texture": "#0"},
				"west": {"uv": [7, 0, 8, 1], "texture": "#0"},
				"up": {"uv": [7, 0, 8, 1], "rotation": 90, "texture": "#0"},
				"down": {"uv": [7, 0, 8, 1], "rotation": 90, "texture": "#0"}
			}
		},
		{
			"from": [9.59844, 10.15917, 4.18733],
			"to": [9.84028, 11.11708, 4.37848],
			"rotation": {"angle": -22.5, "axis": "x", "origin": [9.28111, 10.04327, 5.69506]},
			"faces": {
				"north": {"uv": [7, 0, 8, 1], "rotation": 180, "texture": "#0"},
				"east": {"uv": [7, 0, 8, 1], "rotation": 90, "texture": "#0"},
				"south": {"uv": [7, 0, 8, 1], "texture": "#0"},
				"west": {"uv": [7, 0, 8, 1], "rotation": 270, "texture": "#0"},
				"up": {"uv": [7, 0, 8, 1], "texture": "#0"},
				"down": {"uv": [7, 0, 8, 1], "rotation": 180, "texture": "#0"}
			}
		},
		{
			"from": [9.70713, 8.22563, 3.90572],
			"to": [9.94896, 9.18355, 4.09686],
			"rotation": {"angle": 0, "axis": "x", "origin": [9.82805, 8.7119, 3.77118]},
			"faces": {
				"north": {"uv": [7, 0, 8, 1], "rotation": 180, "texture": "#0"},
				"east": {"uv": [7, 0, 8, 1], "rotation": 90, "texture": "#0"},
				"south": {"uv": [7, 0, 8, 1], "texture": "#0"},
				"west": {"uv": [7, 0, 8, 1], "rotation": 270, "texture": "#0"},
				"up": {"uv": [7, 0, 8, 1], "texture": "#0"},
				"down": {"uv": [7, 0, 8, 1], "rotation": 180, "texture": "#0"}
			}
		},
		{
			"from": [9.88941, 9.62216, 1.79956],
			"to": [10.08056, 9.86399, 2.75748],
			"rotation": {"angle": 22.5, "axis": "x", "origin": [10.64225, 7.19442, 4.47616]},
			"faces": {
				"north": {"uv": [7, 0, 8, 1], "rotation": 90, "texture": "#0"},
				"east": {"uv": [7, 0, 8, 1], "rotation": 270, "texture": "#0"},
				"south": {"uv": [7, 0, 8, 1], "rotation": 270, "texture": "#0"},
				"west": {"uv": [7, 0, 8, 1], "rotation": 270, "texture": "#0"},
				"up": {"uv": [7, 0, 8, 1], "rotation": 270, "texture": "#0"},
				"down": {"uv": [7, 0, 8, 1], "rotation": 270, "texture": "#0"}
			}
		},
		{
			"from": [9.88473, 8.26166, 3.61065],
			"to": [10.07588, 9.21957, 3.85248],
			"rotation": {"angle": 22.5, "axis": "x", "origin": [9.68524, 8.80715, 5.66744]},
			"faces": {
				"north": {"uv": [7, 0, 8, 1], "rotation": 270, "texture": "#0"},
				"east": {"uv": [7, 0, 8, 1], "rotation": 180, "texture": "#0"},
				"south": {"uv": [7, 0, 8, 1], "rotation": 90, "texture": "#0"},
				"west": {"uv": [7, 0, 8, 1], "texture": "#0"},
				"up": {"uv": [7, 0, 8, 1], "rotation": 90, "texture": "#0"},
				"down": {"uv": [7, 0, 8, 1], "rotation": 90, "texture": "#0"}
			}
		},
		{
			"from": [9.59844, 10.17479, 3.73421],
			"to": [9.84028, 11.13271, 3.92536],
			"rotation": {"angle": -22.5, "axis": "x", "origin": [9.28111, 10.04327, 5.69506]},
			"faces": {
				"north": {"uv": [7, 0, 8, 1], "rotation": 180, "texture": "#0"},
				"east": {"uv": [7, 0, 8, 1], "rotation": 90, "texture": "#0"},
				"south": {"uv": [7, 0, 8, 1], "texture": "#0"},
				"west": {"uv": [7, 0, 8, 1], "rotation": 270, "texture": "#0"},
				"up": {"uv": [7, 0, 8, 1], "texture": "#0"},
				"down": {"uv": [7, 0, 8, 1], "rotation": 180, "texture": "#0"}
			}
		},
		{
			"from": [9.70713, 8.24126, 3.45259],
			"to": [9.94896, 9.19917, 3.64374],
			"rotation": {"angle": 0, "axis": "x", "origin": [9.82805, 8.7119, 3.77118]},
			"faces": {
				"north": {"uv": [7, 0, 8, 1], "rotation": 180, "texture": "#0"},
				"east": {"uv": [7, 0, 8, 1], "rotation": 90, "texture": "#0"},
				"south": {"uv": [7, 0, 8, 1], "texture": "#0"},
				"west": {"uv": [7, 0, 8, 1], "rotation": 270, "texture": "#0"},
				"up": {"uv": [7, 0, 8, 1], "texture": "#0"},
				"down": {"uv": [7, 0, 8, 1], "rotation": 180, "texture": "#0"}
			}
		},
		{
			"from": [9.43629, 9.62216, 1.81519],
			"to": [9.62743, 9.86399, 2.7731],
			"rotation": {"angle": 22.5, "axis": "x", "origin": [10.64225, 7.19442, 4.47616]},
			"faces": {
				"north": {"uv": [7, 0, 8, 1], "rotation": 90, "texture": "#0"},
				"east": {"uv": [7, 0, 8, 1], "rotation": 270, "texture": "#0"},
				"south": {"uv": [7, 0, 8, 1], "rotation": 270, "texture": "#0"},
				"west": {"uv": [7, 0, 8, 1], "rotation": 270, "texture": "#0"},
				"up": {"uv": [7, 0, 8, 1], "rotation": 270, "texture": "#0"},
				"down": {"uv": [7, 0, 8, 1], "rotation": 270, "texture": "#0"}
			}
		},
		{
			"from": [9.56527, 9.0972, 3.61065],
			"to": [9.95637, 9.25082, 3.85248],
			"rotation": {"angle": 22.5, "axis": "x", "origin": [9.68524, 8.80715, 5.66744]},
			"faces": {
				"north": {"uv": [7, 0, 8, 1], "rotation": 270, "texture": "#0"},
				"east": {"uv": [7, 0, 8, 1], "rotation": 180, "texture": "#0"},
				"south": {"uv": [7, 0, 8, 1], "rotation": 90, "texture": "#0"},
				"west": {"uv": [7, 0, 8, 1], "texture": "#0"},
				"up": {"uv": [7, 0, 8, 1], "rotation": 90, "texture": "#0"},
				"down": {"uv": [7, 0, 8, 1], "rotation": 90, "texture": "#0"}
			}
		},
		{
			"from": [9.59844, 11.01034, 3.85372],
			"to": [9.84028, 11.16396, 4.24481],
			"rotation": {"angle": -22.5, "axis": "x", "origin": [9.28111, 10.04327, 5.69506]},
			"faces": {
				"north": {"uv": [7, 0, 8, 1], "rotation": 180, "texture": "#0"},
				"east": {"uv": [7, 0, 8, 1], "rotation": 90, "texture": "#0"},
				"south": {"uv": [7, 0, 8, 1], "texture": "#0"},
				"west": {"uv": [7, 0, 8, 1], "rotation": 270, "texture": "#0"},
				"up": {"uv": [7, 0, 8, 1], "texture": "#0"},
				"down": {"uv": [7, 0, 8, 1], "rotation": 180, "texture": "#0"}
			}
		},
		{
			"from": [9.70713, 9.0768, 3.5721],
			"to": [9.94896, 9.23042, 3.9632],
			"rotation": {"angle": 0, "axis": "x", "origin": [9.82805, 8.7119, 3.77118]},
			"faces": {
				"north": {"uv": [7, 0, 8, 1], "rotation": 180, "texture": "#0"},
				"east": {"uv": [7, 0, 8, 1], "rotation": 90, "texture": "#0"},
				"south": {"uv": [7, 0, 8, 1], "texture": "#0"},
				"west": {"uv": [7, 0, 8, 1], "rotation": 270, "texture": "#0"},
				"up": {"uv": [7, 0, 8, 1], "texture": "#0"},
				"down": {"uv": [7, 0, 8, 1], "rotation": 180, "texture": "#0"}
			}
		},
		{
			"from": [9.55579, 9.62216, 2.65073],
			"to": [9.94689, 9.86399, 2.80435],
			"rotation": {"angle": 22.5, "axis": "x", "origin": [10.64225, 7.19442, 4.47616]},
			"faces": {
				"north": {"uv": [7, 0, 8, 1], "rotation": 90, "texture": "#0"},
				"east": {"uv": [7, 0, 8, 1], "rotation": 270, "texture": "#0"},
				"south": {"uv": [7, 0, 8, 1], "rotation": 270, "texture": "#0"},
				"west": {"uv": [7, 0, 8, 1], "rotation": 270, "texture": "#0"},
				"up": {"uv": [7, 0, 8, 1], "rotation": 270, "texture": "#0"},
				"down": {"uv": [7, 0, 8, 1], "rotation": 270, "texture": "#0"}
			}
		},
		{
			"from": [9.56527, 8.20511, 3.61065],
			"to": [9.95637, 8.37411, 3.85248],
			"rotation": {"angle": 22.5, "axis": "x", "origin": [9.68524, 8.80715, 5.66744]},
			"faces": {
				"north": {"uv": [7, 0, 8, 1], "rotation": 270, "texture": "#0"},
				"east": {"uv": [7, 0, 8, 1], "rotation": 180, "texture": "#0"},
				"south": {"uv": [7, 0, 8, 1], "rotation": 90, "texture": "#0"},
				"west": {"uv": [7, 0, 8, 1], "texture": "#0"},
				"up": {"uv": [7, 0, 8, 1], "rotation": 90, "texture": "#0"},
				"down": {"uv": [7, 0, 8, 1], "rotation": 90, "texture": "#0"}
			}
		},
		{
			"from": [9.59844, 10.11825, 3.85372],
			"to": [9.84028, 10.28725, 4.24481],
			"rotation": {"angle": -22.5, "axis": "x", "origin": [9.28111, 10.04327, 5.69506]},
			"faces": {
				"north": {"uv": [7, 0, 8, 1], "rotation": 180, "texture": "#0"},
				"east": {"uv": [7, 0, 8, 1], "rotation": 90, "texture": "#0"},
				"south": {"uv": [7, 0, 8, 1], "texture": "#0"},
				"west": {"uv": [7, 0, 8, 1], "rotation": 270, "texture": "#0"},
				"up": {"uv": [7, 0, 8, 1], "texture": "#0"},
				"down": {"uv": [7, 0, 8, 1], "rotation": 180, "texture": "#0"}
			}
		},
		{
			"from": [9.70713, 8.18471, 3.5721],
			"to": [9.94896, 8.35371, 3.9632],
			"rotation": {"angle": 0, "axis": "x", "origin": [9.82805, 8.7119, 3.77118]},
			"faces": {
				"north": {"uv": [7, 0, 8, 1], "rotation": 180, "texture": "#0"},
				"east": {"uv": [7, 0, 8, 1], "rotation": 90, "texture": "#0"},
				"south": {"uv": [7, 0, 8, 1], "texture": "#0"},
				"west": {"uv": [7, 0, 8, 1], "rotation": 270, "texture": "#0"},
				"up": {"uv": [7, 0, 8, 1], "texture": "#0"},
				"down": {"uv": [7, 0, 8, 1], "rotation": 180, "texture": "#0"}
			}
		},
		{
			"from": [9.55579, 9.62216, 1.75864],
			"to": [9.94689, 9.86399, 1.92764],
			"rotation": {"angle": 22.5, "axis": "x", "origin": [10.64225, 7.19442, 4.47616]},
			"faces": {
				"north": {"uv": [7, 0, 8, 1], "rotation": 90, "texture": "#0"},
				"east": {"uv": [7, 0, 8, 1], "rotation": 270, "texture": "#0"},
				"south": {"uv": [7, 0, 8, 1], "rotation": 270, "texture": "#0"},
				"west": {"uv": [7, 0, 8, 1], "rotation": 270, "texture": "#0"},
				"up": {"uv": [7, 0, 8, 1], "rotation": 270, "texture": "#0"},
				"down": {"uv": [7, 0, 8, 1], "rotation": 270, "texture": "#0"}
			}
		},
		{
			"from": [6.71046, 6.08974, 3.88169],
			"to": [6.86408, 6.48084, 4.12353],
			"rotation": {"angle": 45, "axis": "x", "origin": [7.84556, 6.28567, 4.01743]},
			"faces": {
				"north": {"uv": [7, 0, 8, 1], "rotation": 180, "texture": "#0"},
				"east": {"uv": [7, 0, 8, 1], "rotation": 180, "texture": "#0"},
				"south": {"uv": [7, 0, 8, 1], "rotation": 180, "texture": "#0"},
				"west": {"uv": [7, 0, 8, 1], "rotation": 180, "texture": "#0"},
				"up": {"uv": [7, 0, 8, 1], "rotation": 90, "texture": "#0"},
				"down": {"uv": [7, 0, 8, 1], "rotation": 270, "texture": "#0"}
			}
		},
		{
			"from": [5.85929, 6.42336, 3.88169],
			"to": [6.8172, 6.61451, 4.12353],
			"rotation": {"angle": 45, "axis": "x", "origin": [7.84556, 6.28567, 4.01743]},
			"faces": {
				"north": {"uv": [7, 0, 8, 1], "rotation": 180, "texture": "#0"},
				"east": {"uv": [7, 0, 8, 1], "rotation": 180, "texture": "#0"},
				"south": {"uv": [7, 0, 8, 1], "rotation": 180, "texture": "#0"},
				"west": {"uv": [7, 0, 8, 1], "rotation": 180, "texture": "#0"},
				"up": {"uv": [7, 0, 8, 1], "rotation": 90, "texture": "#0"},
				"down": {"uv": [7, 0, 8, 1], "rotation": 270, "texture": "#0"}
			}
		},
		{
			"from": [5.81837, 6.08974, 3.88169],
			"to": [5.98737, 6.48084, 4.12353],
			"rotation": {"angle": 45, "axis": "x", "origin": [7.84556, 6.28567, 4.01743]},
			"faces": {
				"north": {"uv": [7, 0, 8, 1], "rotation": 180, "texture": "#0"},
				"east": {"uv": [7, 0, 8, 1], "rotation": 180, "texture": "#0"},
				"south": {"uv": [7, 0, 8, 1], "rotation": 180, "texture": "#0"},
				"west": {"uv": [7, 0, 8, 1], "rotation": 180, "texture": "#0"},
				"up": {"uv": [7, 0, 8, 1], "rotation": 90, "texture": "#0"},
				"down": {"uv": [7, 0, 8, 1], "rotation": 270, "texture": "#0"}
			}
		},
		{
			"from": [8.17491, 5.97024, 3.88169],
			"to": [9.13283, 6.16139, 4.12353],
			"rotation": {"angle": 45, "axis": "x", "origin": [7.84556, 6.28567, 4.01743]},
			"faces": {
				"north": {"uv": [7, 0, 8, 1], "rotation": 180, "texture": "#0"},
				"east": {"uv": [7, 0, 8, 1], "rotation": 180, "texture": "#0"},
				"south": {"uv": [7, 0, 8, 1], "rotation": 180, "texture": "#0"},
				"west": {"uv": [7, 0, 8, 1], "rotation": 180, "texture": "#0"},
				"up": {"uv": [7, 0, 8, 1], "rotation": 90, "texture": "#0"},
				"down": {"uv": [7, 0, 8, 1], "rotation": 270, "texture": "#0"}
			}
		},
		{
			"from": [9.01046, 6.08974, 3.88169],
			"to": [9.16408, 6.48084, 4.12353],
			"rotation": {"angle": 45, "axis": "x", "origin": [7.84556, 6.28567, 4.01743]},
			"faces": {
				"north": {"uv": [7, 0, 8, 1], "rotation": 180, "texture": "#0"},
				"east": {"uv": [7, 0, 8, 1], "rotation": 180, "texture": "#0"},
				"south": {"uv": [7, 0, 8, 1], "rotation": 180, "texture": "#0"},
				"west": {"uv": [7, 0, 8, 1], "rotation": 180, "texture": "#0"},
				"up": {"uv": [7, 0, 8, 1], "rotation": 90, "texture": "#0"},
				"down": {"uv": [7, 0, 8, 1], "rotation": 270, "texture": "#0"}
			}
		},
		{
			"from": [8.15929, 6.42336, 3.88169],
			"to": [9.1172, 6.61451, 4.12353],
			"rotation": {"angle": 45, "axis": "x", "origin": [7.84556, 6.28567, 4.01743]},
			"faces": {
				"north": {"uv": [7, 0, 8, 1], "rotation": 180, "texture": "#0"},
				"east": {"uv": [7, 0, 8, 1], "rotation": 180, "texture": "#0"},
				"south": {"uv": [7, 0, 8, 1], "rotation": 180, "texture": "#0"},
				"west": {"uv": [7, 0, 8, 1], "rotation": 180, "texture": "#0"},
				"up": {"uv": [7, 0, 8, 1], "rotation": 90, "texture": "#0"},
				"down": {"uv": [7, 0, 8, 1], "rotation": 270, "texture": "#0"}
			}
		},
		{
			"from": [8.11837, 6.08974, 3.88169],
			"to": [8.28737, 6.48084, 4.12353],
			"rotation": {"angle": 45, "axis": "x", "origin": [7.84556, 6.28567, 4.01743]},
			"faces": {
				"north": {"uv": [7, 0, 8, 1], "rotation": 180, "texture": "#0"},
				"east": {"uv": [7, 0, 8, 1], "rotation": 180, "texture": "#0"},
				"south": {"uv": [7, 0, 8, 1], "rotation": 180, "texture": "#0"},
				"west": {"uv": [7, 0, 8, 1], "rotation": 180, "texture": "#0"},
				"up": {"uv": [7, 0, 8, 1], "rotation": 90, "texture": "#0"},
				"down": {"uv": [7, 0, 8, 1], "rotation": 270, "texture": "#0"}
			}
		},
		{
			"from": [5.87491, 5.97024, 3.88169],
			"to": [6.83283, 6.16139, 4.12353],
			"rotation": {"angle": 45, "axis": "x", "origin": [7.84556, 6.28567, 4.01743]},
			"faces": {
				"north": {"uv": [7, 0, 8, 1], "rotation": 180, "texture": "#0"},
				"east": {"uv": [7, 0, 8, 1], "rotation": 180, "texture": "#0"},
				"south": {"uv": [7, 0, 8, 1], "rotation": 180, "texture": "#0"},
				"west": {"uv": [7, 0, 8, 1], "rotation": 180, "texture": "#0"},
				"up": {"uv": [7, 0, 8, 1], "rotation": 90, "texture": "#0"},
				"down": {"uv": [7, 0, 8, 1], "rotation": 270, "texture": "#0"}
			}
		},
		{
			"from": [7.91046, 6.08974, 3.88169],
			"to": [8.06408, 6.48084, 4.12353],
			"rotation": {"angle": 45, "axis": "x", "origin": [7.84556, 6.28567, 4.01743]},
			"faces": {
				"north": {"uv": [7, 0, 8, 1], "rotation": 180, "texture": "#0"},
				"east": {"uv": [7, 0, 8, 1], "rotation": 180, "texture": "#0"},
				"south": {"uv": [7, 0, 8, 1], "rotation": 180, "texture": "#0"},
				"west": {"uv": [7, 0, 8, 1], "rotation": 180, "texture": "#0"},
				"up": {"uv": [7, 0, 8, 1], "rotation": 90, "texture": "#0"},
				"down": {"uv": [7, 0, 8, 1], "rotation": 270, "texture": "#0"}
			}
		},
		{
			"from": [7.05929, 6.42336, 3.88169],
			"to": [8.0172, 6.61451, 4.12353],
			"rotation": {"angle": 45, "axis": "x", "origin": [7.84556, 6.28567, 4.01743]},
			"faces": {
				"north": {"uv": [7, 0, 8, 1], "rotation": 180, "texture": "#0"},
				"east": {"uv": [7, 0, 8, 1], "rotation": 180, "texture": "#0"},
				"south": {"uv": [7, 0, 8, 1], "rotation": 180, "texture": "#0"},
				"west": {"uv": [7, 0, 8, 1], "rotation": 180, "texture": "#0"},
				"up": {"uv": [7, 0, 8, 1], "rotation": 90, "texture": "#0"},
				"down": {"uv": [7, 0, 8, 1], "rotation": 270, "texture": "#0"}
			}
		},
		{
			"from": [7.01837, 6.08974, 3.88169],
			"to": [7.18737, 6.48084, 4.12353],
			"rotation": {"angle": 45, "axis": "x", "origin": [7.84556, 6.28567, 4.01743]},
			"faces": {
				"north": {"uv": [7, 0, 8, 1], "rotation": 180, "texture": "#0"},
				"east": {"uv": [7, 0, 8, 1], "rotation": 180, "texture": "#0"},
				"south": {"uv": [7, 0, 8, 1], "rotation": 180, "texture": "#0"},
				"west": {"uv": [7, 0, 8, 1], "rotation": 180, "texture": "#0"},
				"up": {"uv": [7, 0, 8, 1], "rotation": 90, "texture": "#0"},
				"down": {"uv": [7, 0, 8, 1], "rotation": 270, "texture": "#0"}
			}
		},
		{
			"from": [7.07491, 5.97024, 3.88169],
			"to": [8.03283, 6.16139, 4.12353],
			"rotation": {"angle": 45, "axis": "x", "origin": [7.84556, 6.28567, 4.01743]},
			"faces": {
				"north": {"uv": [7, 0, 8, 1], "rotation": 180, "texture": "#0"},
				"east": {"uv": [7, 0, 8, 1], "rotation": 180, "texture": "#0"},
				"south": {"uv": [7, 0, 8, 1], "rotation": 180, "texture": "#0"},
				"west": {"uv": [7, 0, 8, 1], "rotation": 180, "texture": "#0"},
				"up": {"uv": [7, 0, 8, 1], "rotation": 90, "texture": "#0"},
				"down": {"uv": [7, 0, 8, 1], "rotation": 270, "texture": "#0"}
			}
		},
		{
			"from": [8.41046, 6.16, 3.84767],
			"to": [8.56408, 6.40184, 4.23877],
			"rotation": {"angle": 45, "axis": "x", "origin": [7.84556, 6.28567, 4.01743]},
			"faces": {
				"north": {"uv": [7, 0, 8, 1], "rotation": 270, "texture": "#0"},
				"east": {"uv": [7, 0, 8, 1], "rotation": 270, "texture": "#0"},
				"south": {"uv": [7, 0, 8, 1], "rotation": 270, "texture": "#0"},
				"west": {"uv": [7, 0, 8, 1], "rotation": 90, "texture": "#0"},
				"up": {"uv": [7, 0, 8, 1], "rotation": 180, "texture": "#0"},
				"down": {"uv": [7, 0, 8, 1], "texture": "#0"}
			}
		},
		{
			"from": [7.51837, 6.16, 3.84767],
			"to": [7.68737, 6.40184, 4.23877],
			"rotation": {"angle": 45, "axis": "x", "origin": [7.84556, 6.28567, 4.01743]},
			"faces": {
				"north": {"uv": [7, 0, 8, 1], "rotation": 270, "texture": "#0"},
				"east": {"uv": [7, 0, 8, 1], "rotation": 270, "texture": "#0"},
				"south": {"uv": [7, 0, 8, 1], "rotation": 270, "texture": "#0"},
				"west": {"uv": [7, 0, 8, 1], "rotation": 90, "texture": "#0"},
				"up": {"uv": [7, 0, 8, 1], "rotation": 180, "texture": "#0"},
				"down": {"uv": [7, 0, 8, 1], "texture": "#0"}
			}
		},
		{
			"from": [7.55929, 6.16, 3.714],
			"to": [8.5172, 6.40184, 3.90515],
			"rotation": {"angle": 45, "axis": "x", "origin": [7.84556, 6.28567, 4.01743]},
			"faces": {
				"north": {"uv": [7, 0, 8, 1], "rotation": 270, "texture": "#0"},
				"east": {"uv": [7, 0, 8, 1], "rotation": 270, "texture": "#0"},
				"south": {"uv": [7, 0, 8, 1], "rotation": 270, "texture": "#0"},
				"west": {"uv": [7, 0, 8, 1], "rotation": 90, "texture": "#0"},
				"up": {"uv": [7, 0, 8, 1], "rotation": 180, "texture": "#0"},
				"down": {"uv": [7, 0, 8, 1], "texture": "#0"}
			}
		},
		{
			"from": [8.71837, 6.16, 3.84767],
			"to": [8.88737, 6.40184, 4.23877],
			"rotation": {"angle": 45, "axis": "x", "origin": [7.84556, 6.28567, 4.01743]},
			"faces": {
				"north": {"uv": [7, 0, 8, 1], "rotation": 270, "texture": "#0"},
				"east": {"uv": [7, 0, 8, 1], "rotation": 270, "texture": "#0"},
				"south": {"uv": [7, 0, 8, 1], "rotation": 270, "texture": "#0"},
				"west": {"uv": [7, 0, 8, 1], "rotation": 90, "texture": "#0"},
				"up": {"uv": [7, 0, 8, 1], "rotation": 180, "texture": "#0"},
				"down": {"uv": [7, 0, 8, 1], "texture": "#0"}
			}
		},
		{
			"from": [9.61046, 6.16, 3.84767],
			"to": [9.76408, 6.40184, 4.23877],
			"rotation": {"angle": 45, "axis": "x", "origin": [7.84556, 6.28567, 4.01743]},
			"faces": {
				"north": {"uv": [7, 0, 8, 1], "rotation": 270, "texture": "#0"},
				"east": {"uv": [7, 0, 8, 1], "rotation": 270, "texture": "#0"},
				"south": {"uv": [7, 0, 8, 1], "rotation": 270, "texture": "#0"},
				"west": {"uv": [7, 0, 8, 1], "rotation": 90, "texture": "#0"},
				"up": {"uv": [7, 0, 8, 1], "rotation": 180, "texture": "#0"},
				"down": {"uv": [7, 0, 8, 1], "texture": "#0"}
			}
		},
		{
			"from": [8.77491, 6.16, 4.16712],
			"to": [9.73283, 6.40184, 4.35827],
			"rotation": {"angle": 45, "axis": "x", "origin": [7.84556, 6.28567, 4.01743]},
			"faces": {
				"north": {"uv": [7, 0, 8, 1], "rotation": 270, "texture": "#0"},
				"east": {"uv": [7, 0, 8, 1], "rotation": 270, "texture": "#0"},
				"south": {"uv": [7, 0, 8, 1], "rotation": 270, "texture": "#0"},
				"west": {"uv": [7, 0, 8, 1], "rotation": 90, "texture": "#0"},
				"up": {"uv": [7, 0, 8, 1], "rotation": 180, "texture": "#0"},
				"down": {"uv": [7, 0, 8, 1], "texture": "#0"}
			}
		},
		{
			"from": [8.75929, 6.16, 3.714],
			"to": [9.7172, 6.40184, 3.90515],
			"rotation": {"angle": 45, "axis": "x", "origin": [7.84556, 6.28567, 4.01743]},
			"faces": {
				"north": {"uv": [7, 0, 8, 1], "rotation": 270, "texture": "#0"},
				"east": {"uv": [7, 0, 8, 1], "rotation": 270, "texture": "#0"},
				"south": {"uv": [7, 0, 8, 1], "rotation": 270, "texture": "#0"},
				"west": {"uv": [7, 0, 8, 1], "rotation": 90, "texture": "#0"},
				"up": {"uv": [7, 0, 8, 1], "rotation": 180, "texture": "#0"},
				"down": {"uv": [7, 0, 8, 1], "texture": "#0"}
			}
		},
		{
			"from": [7.57491, 6.16, 4.16712],
			"to": [8.53283, 6.40184, 4.35827],
			"rotation": {"angle": 45, "axis": "x", "origin": [7.84556, 6.28567, 4.01743]},
			"faces": {
				"north": {"uv": [7, 0, 8, 1], "rotation": 270, "texture": "#0"},
				"east": {"uv": [7, 0, 8, 1], "rotation": 270, "texture": "#0"},
				"south": {"uv": [7, 0, 8, 1], "rotation": 270, "texture": "#0"},
				"west": {"uv": [7, 0, 8, 1], "rotation": 90, "texture": "#0"},
				"up": {"uv": [7, 0, 8, 1], "rotation": 180, "texture": "#0"},
				"down": {"uv": [7, 0, 8, 1], "texture": "#0"}
			}
		},
		{
			"from": [7.31046, 6.16, 3.84767],
			"to": [7.46408, 6.40184, 4.23877],
			"rotation": {"angle": 45, "axis": "x", "origin": [7.84556, 6.28567, 4.01743]},
			"faces": {
				"north": {"uv": [7, 0, 8, 1], "rotation": 270, "texture": "#0"},
				"east": {"uv": [7, 0, 8, 1], "rotation": 270, "texture": "#0"},
				"south": {"uv": [7, 0, 8, 1], "rotation": 270, "texture": "#0"},
				"west": {"uv": [7, 0, 8, 1], "rotation": 90, "texture": "#0"},
				"up": {"uv": [7, 0, 8, 1], "rotation": 180, "texture": "#0"},
				"down": {"uv": [7, 0, 8, 1], "texture": "#0"}
			}
		},
		{
			"from": [6.41837, 6.16, 3.84767],
			"to": [6.58737, 6.40184, 4.23877],
			"rotation": {"angle": 45, "axis": "x", "origin": [7.84556, 6.28567, 4.01743]},
			"faces": {
				"north": {"uv": [7, 0, 8, 1], "rotation": 270, "texture": "#0"},
				"east": {"uv": [7, 0, 8, 1], "rotation": 270, "texture": "#0"},
				"south": {"uv": [7, 0, 8, 1], "rotation": 270, "texture": "#0"},
				"west": {"uv": [7, 0, 8, 1], "rotation": 90, "texture": "#0"},
				"up": {"uv": [7, 0, 8, 1], "rotation": 180, "texture": "#0"},
				"down": {"uv": [7, 0, 8, 1], "texture": "#0"}
			}
		},
		{
			"from": [6.45929, 6.16, 3.714],
			"to": [7.4172, 6.40184, 3.90515],
			"rotation": {"angle": 45, "axis": "x", "origin": [7.84556, 6.28567, 4.01743]},
			"faces": {
				"north": {"uv": [7, 0, 8, 1], "rotation": 270, "texture": "#0"},
				"east": {"uv": [7, 0, 8, 1], "rotation": 270, "texture": "#0"},
				"south": {"uv": [7, 0, 8, 1], "rotation": 270, "texture": "#0"},
				"west": {"uv": [7, 0, 8, 1], "rotation": 90, "texture": "#0"},
				"up": {"uv": [7, 0, 8, 1], "rotation": 180, "texture": "#0"},
				"down": {"uv": [7, 0, 8, 1], "texture": "#0"}
			}
		},
		{
			"from": [6.47491, 6.16, 4.16712],
			"to": [7.43283, 6.40184, 4.35827],
			"rotation": {"angle": 45, "axis": "x", "origin": [7.84556, 6.28567, 4.01743]},
			"faces": {
				"north": {"uv": [7, 0, 8, 1], "rotation": 270, "texture": "#0"},
				"east": {"uv": [7, 0, 8, 1], "rotation": 270, "texture": "#0"},
				"south": {"uv": [7, 0, 8, 1], "rotation": 270, "texture": "#0"},
				"west": {"uv": [7, 0, 8, 1], "rotation": 90, "texture": "#0"},
				"up": {"uv": [7, 0, 8, 1], "rotation": 180, "texture": "#0"},
				"down": {"uv": [7, 0, 8, 1], "texture": "#0"}
			}
		},
		{
			"from": [9.92696, 7.56131, 3.71426],
			"to": [10.11811, 8.51923, 3.9561],
			"rotation": {"angle": 0, "axis": "y", "origin": [9.79952, 7.93196, 3.83518]},
			"faces": {
				"north": {"uv": [7, 0, 8, 1], "rotation": 270, "texture": "#0"},
				"east": {"uv": [7, 0, 8, 1], "rotation": 180, "texture": "#0"},
				"south": {"uv": [7, 0, 8, 1], "rotation": 90, "texture": "#0"},
				"west": {"uv": [7, 0, 8, 1], "texture": "#0"},
				"up": {"uv": [7, 0, 8, 1], "rotation": 90, "texture": "#0"},
				"down": {"uv": [7, 0, 8, 1], "rotation": 90, "texture": "#0"}
			}
		},
		{
			"from": [9.60751, 8.39686, 3.71426],
			"to": [9.99861, 8.55048, 3.9561],
			"rotation": {"angle": 0, "axis": "y", "origin": [9.79952, 7.93196, 3.83518]},
			"faces": {
				"north": {"uv": [7, 0, 8, 1], "rotation": 270, "texture": "#0"},
				"east": {"uv": [7, 0, 8, 1], "rotation": 180, "texture": "#0"},
				"south": {"uv": [7, 0, 8, 1], "rotation": 90, "texture": "#0"},
				"west": {"uv": [7, 0, 8, 1], "texture": "#0"},
				"up": {"uv": [7, 0, 8, 1], "rotation": 90, "texture": "#0"},
				"down": {"uv": [7, 0, 8, 1], "rotation": 90, "texture": "#0"}
			}
		},
		{
			"from": [9.47384, 7.54569, 3.71426],
			"to": [9.66499, 8.5036, 3.9561],
			"rotation": {"angle": 0, "axis": "y", "origin": [9.79952, 7.93196, 3.83518]},
			"faces": {
				"north": {"uv": [7, 0, 8, 1], "rotation": 270, "texture": "#0"},
				"east": {"uv": [7, 0, 8, 1], "rotation": 180, "texture": "#0"},
				"south": {"uv": [7, 0, 8, 1], "rotation": 90, "texture": "#0"},
				"west": {"uv": [7, 0, 8, 1], "texture": "#0"},
				"up": {"uv": [7, 0, 8, 1], "rotation": 90, "texture": "#0"},
				"down": {"uv": [7, 0, 8, 1], "rotation": 90, "texture": "#0"}
			}
		},
		{
			"from": [9.5996, 7.69686, 3.67719],
			"to": [9.9907, 7.85048, 3.91903],
			"rotation": {"angle": 45, "axis": "y", "origin": [9.79161, 7.33196, 3.79811]},
			"faces": {
				"north": {"uv": [7, 0, 8, 1], "rotation": 270, "texture": "#0"},
				"east": {"uv": [7, 0, 8, 1], "rotation": 180, "texture": "#0"},
				"south": {"uv": [7, 0, 8, 1], "rotation": 90, "texture": "#0"},
				"west": {"uv": [7, 0, 8, 1], "texture": "#0"},
				"up": {"uv": [7, 0, 8, 1], "rotation": 90, "texture": "#0"},
				"down": {"uv": [7, 0, 8, 1], "rotation": 90, "texture": "#0"}
			}
		},
		{
			"from": [9.60751, 7.50477, 3.71426],
			"to": [9.99861, 7.67377, 3.9561],
			"rotation": {"angle": 0, "axis": "y", "origin": [9.79952, 7.93196, 3.83518]},
			"faces": {
				"north": {"uv": [7, 0, 8, 1], "rotation": 270, "texture": "#0"},
				"east": {"uv": [7, 0, 8, 1], "rotation": 180, "texture": "#0"},
				"south": {"uv": [7, 0, 8, 1], "rotation": 90, "texture": "#0"},
				"west": {"uv": [7, 0, 8, 1], "texture": "#0"},
				"up": {"uv": [7, 0, 8, 1], "rotation": 90, "texture": "#0"},
				"down": {"uv": [7, 0, 8, 1], "rotation": 90, "texture": "#0"}
			}
		},
		{
			"from": [9.91905, 6.86131, 3.67719],
			"to": [10.1102, 7.81923, 3.91903],
			"rotation": {"angle": 45, "axis": "y", "origin": [9.79161, 7.33196, 3.79811]},
			"faces": {
				"north": {"uv": [7, 0, 8, 1], "rotation": 270, "texture": "#0"},
				"east": {"uv": [7, 0, 8, 1], "rotation": 180, "texture": "#0"},
				"south": {"uv": [7, 0, 8, 1], "rotation": 90, "texture": "#0"},
				"west": {"uv": [7, 0, 8, 1], "texture": "#0"},
				"up": {"uv": [7, 0, 8, 1], "rotation": 90, "texture": "#0"},
				"down": {"uv": [7, 0, 8, 1], "rotation": 90, "texture": "#0"}
			}
		},
		{
			"from": [9.46593, 6.84569, 3.67719],
			"to": [9.65708, 7.8036, 3.91903],
			"rotation": {"angle": 45, "axis": "y", "origin": [9.79161, 7.33196, 3.79811]},
			"faces": {
				"north": {"uv": [7, 0, 8, 1], "rotation": 270, "texture": "#0"},
				"east": {"uv": [7, 0, 8, 1], "rotation": 180, "texture": "#0"},
				"south": {"uv": [7, 0, 8, 1], "rotation": 90, "texture": "#0"},
				"west": {"uv": [7, 0, 8, 1], "texture": "#0"},
				"up": {"uv": [7, 0, 8, 1], "rotation": 90, "texture": "#0"},
				"down": {"uv": [7, 0, 8, 1], "rotation": 90, "texture": "#0"}
			}
		},
		{
			"from": [9.4786, 6.26131, 3.96262],
			"to": [9.72044, 7.21923, 4.15377],
			"rotation": {"angle": -22.5, "axis": "z", "origin": [9.39952, 6.73196, 3.83518]},
			"faces": {
				"north": {"uv": [7, 0, 8, 1], "texture": "#0"},
				"east": {"uv": [7, 0, 8, 1], "rotation": 270, "texture": "#0"},
				"south": {"uv": [7, 0, 8, 1], "rotation": 180, "texture": "#0"},
				"west": {"uv": [7, 0, 8, 1], "rotation": 90, "texture": "#0"},
				"up": {"uv": [7, 0, 8, 1], "rotation": 180, "texture": "#0"},
				"down": {"uv": [7, 0, 8, 1], "texture": "#0"}
			}
		},
		{
			"from": [9.4786, 7.09686, 3.64317],
			"to": [9.72044, 7.25048, 4.03427],
			"rotation": {"angle": -22.5, "axis": "z", "origin": [9.39952, 6.73196, 3.83518]},
			"faces": {
				"north": {"uv": [7, 0, 8, 1], "texture": "#0"},
				"east": {"uv": [7, 0, 8, 1], "rotation": 270, "texture": "#0"},
				"south": {"uv": [7, 0, 8, 1], "rotation": 180, "texture": "#0"},
				"west": {"uv": [7, 0, 8, 1], "rotation": 90, "texture": "#0"},
				"up": {"uv": [7, 0, 8, 1], "rotation": 180, "texture": "#0"},
				"down": {"uv": [7, 0, 8, 1], "texture": "#0"}
			}
		},
		{
			"from": [9.5996, 6.80477, 3.67719],
			"to": [9.9907, 6.97377, 3.91903],
			"rotation": {"angle": 45, "axis": "y", "origin": [9.79161, 7.33196, 3.79811]},
			"faces": {
				"north": {"uv": [7, 0, 8, 1], "rotation": 270, "texture": "#0"},
				"east": {"uv": [7, 0, 8, 1], "rotation": 180, "texture": "#0"},
				"south": {"uv": [7, 0, 8, 1], "rotation": 90, "texture": "#0"},
				"west": {"uv": [7, 0, 8, 1], "texture": "#0"},
				"up": {"uv": [7, 0, 8, 1], "rotation": 90, "texture": "#0"},
				"down": {"uv": [7, 0, 8, 1], "rotation": 90, "texture": "#0"}
			}
		},
		{
			"from": [9.4786, 6.24569, 3.5095],
			"to": [9.72044, 7.2036, 3.70065],
			"rotation": {"angle": -22.5, "axis": "z", "origin": [9.39952, 6.73196, 3.83518]},
			"faces": {
				"north": {"uv": [7, 0, 8, 1], "texture": "#0"},
				"east": {"uv": [7, 0, 8, 1], "rotation": 270, "texture": "#0"},
				"south": {"uv": [7, 0, 8, 1], "rotation": 180, "texture": "#0"},
				"west": {"uv": [7, 0, 8, 1], "rotation": 90, "texture": "#0"},
				"up": {"uv": [7, 0, 8, 1], "rotation": 180, "texture": "#0"},
				"down": {"uv": [7, 0, 8, 1], "texture": "#0"}
			}
		},
		{
			"from": [9.4786, 6.20477, 3.64317],
			"to": [9.72044, 6.37377, 4.03427],
			"rotation": {"angle": -22.5, "axis": "z", "origin": [9.39952, 6.73196, 3.83518]},
			"faces": {
				"north": {"uv": [7, 0, 8, 1], "texture": "#0"},
				"east": {"uv": [7, 0, 8, 1], "rotation": 270, "texture": "#0"},
				"south": {"uv": [7, 0, 8, 1], "rotation": 180, "texture": "#0"},
				"west": {"uv": [7, 0, 8, 1], "rotation": 90, "texture": "#0"},
				"up": {"uv": [7, 0, 8, 1], "rotation": 180, "texture": "#0"},
				"down": {"uv": [7, 0, 8, 1], "texture": "#0"}
			}
		}
	],
	"gui_light": "front",
	"display": {
		"thirdperson_righthand": {
			"rotation": [143, -180, -180],
			"translation": [0.5, 4.25, 4],
			"scale": [1.5, 1.5, 1.5]
		},
		"thirdperson_lefthand": {
			"translation": [-0.75, 3.25, 1.5]
		},
		"firstperson_righthand": {
			"rotation": [-55, -1, -13],
			"translation": [33, 3, 10],
			"scale": [4, 4, 4]
		},
		"firstperson_lefthand": {
			"rotation": [-45, -39, -4],
			"translation": [0, 7.5, 0]
		},
		"ground": {
			"translation": [1, 5, -1]
		},
		"gui": {
			"rotation": [10, 117, -48],
			"translation": [16.25, 4.5, 0],
			"scale": [4, 4, 4]
		},
		"head": {
			"rotation": [90, 0, 0],
			"translation": [0.75, -4, -3.25],
			"scale": [3.59, 2, 2]
		},
		"fixed": {
			"rotation": [0, -90, 0],
			"translation": [-18, -1.25, -7.25],
			"scale": [4, 4, 4]
		}
	},
	"groups": [
		{
			"name": "group",
			"origin": [7.84762, 6.29333, 8.03048],
			"color": 0,
			"children": [0, 1, 2, 3, 4, 5, 6, 7, 8, 9, 10, 11, 12, 13, 14, 15]
		},
		{
			"name": "group",
			"origin": [7.84762, 6.29333, 8.09969],
			"color": 0,
			"children": [16, 17, 18, 19, 20, 21, 22, 23, 24, 25, 26, 27, 28, 29, 30, 31, 32, 33, 34, 35, 36, 37, 38, 39]
		},
		{
			"name": "group",
			"origin": [8, 8, 8],
			"color": 0,
			"children": [40, 41, 42, 43, 44, 45, 46, 47, 48, 49, 50, 51]
		}
	]
}